id;ponto_id;hora;tipo;observacao;created_at;updated_at;deleted_at
0022d04e-4e76-4548-a81e-39e5590d028a;dfe892b1-4012-4595-99a0-16c826fe957a;08:03:00;entrada;;2024-12-16 09:44:59;2024-12-16 09:44:59;
005f3c8d-f05b-4e64-8c14-fa7259040055;53dff2b8-861b-495d-bd2e-f307254ab4c0;13:59:00;almoco_retorno;;2025-07-10 13:59:23;2025-07-10 13:59:23;
009b6652-0a52-4456-9210-ff3604320100;fe35db8e-39a3-4018-a8c4-f997c29a23df;16:03:00;saida;;2025-05-05 11:21:16;2025-05-05 11:21:16;
00b22ac2-d509-4ae1-8d33-51c2a3a4b6b4;1d1c39f8-2b51-4ca1-b87e-0c0ba1c02d67;13:59:00;almoco_saida;;2025-07-22 13:59:26;2025-07-22 13:59:26;
00f86b19-d068-467d-9851-d58b7e146834;94fe142f-2f75-4ca9-b481-9291a6fbcbb8;08:09:00;entrada;a;2025-10-22 15:31:12;2025-10-22 15:31:12;
015251b8-c790-495c-8b31-26e250737995;3a8ddd11-f889-4b5d-94b4-7875cdfbf5a7;12:53:00;almoco_saida;;2025-09-22 15:52:29;2025-09-22 16:53:57;
01f9c96e-c823-422e-a869-8d56e45fa95d;b929ad2e-7a4f-4183-91e7-b3bb3f328be8;12:08:00;almoco_saida;;2025-05-14 12:08:56;2025-05-14 12:08:56;
02b4f81f-8edc-46d2-b71a-b62cae72611a;4d05528a-4ad3-45a6-96fa-78148d219873;13:23:00;almoco_retorno;;2024-12-16 09:44:59;2024-12-16 09:44:59;
02b50abd-960a-4f22-a139-fda442f2d305;0e205d9f-2c81-4912-a538-8c61b1a78516;13:46:00;almoco_saida;;2025-05-08 17:11:32;2025-05-08 17:13:07;
02d0ca68-b9e2-43b4-aeee-9f2014f85882;793b8e05-f0d0-4971-aaac-5357aed6b229;13:49:00;almoco_retorno;;2025-05-12 13:49:21;2025-05-12 13:49:21;
0306aa37-57c8-4e4d-bd07-07da5ccbec2e;78072523-8eea-422b-92a5-274c12247c68;17:00:00;saida;;2025-03-14 17:19:36;2025-03-14 17:19:46;
0345d75a-6e3f-4cdd-b143-adff55405bc3;bd679722-ab6b-47f3-a5af-56061ca55b7d;08:02:00;entrada;;2024-12-16 09:44:59;2024-12-16 09:44:59;
0386ab74-c7ce-4baa-b414-10b4af8645a2;d7a116c0-1c19-481f-b992-a096cbe15f0d;14:03:00;almoco_saida;;2025-08-20 15:04:35;2025-08-20 15:04:58;
03b86665-2f2c-49a8-be84-01a075383d15;0c3d2bdd-9ad4-49cd-8809-15568b0bcac0;13:42:00;almoco_saida;;2025-07-17 14:44:37;2025-07-17 14:44:51;
0555a38e-b229-4164-87ff-29620789b9a0;7e0ceaf3-e4f7-4a44-af61-6c056bbddeb2;13:31:00;almoco_saida;;2025-03-20 14:45:26;2025-03-26 16:16:40;
0557132c-29dd-4335-a49c-ba04f4638440;572327e5-c0f1-49a8-870e-92811b25c286;13:55:00;almoco_retorno;;2025-05-07 13:55:39;2025-05-07 13:55:39;
05a31993-68ab-4091-84bc-d72cb64b2c0c;b929ad2e-7a4f-4183-91e7-b3bb3f328be8;08:13:00;entrada;;2025-05-14 08:13:25;2025-05-15 08:38:30;
05d267a5-2ec3-4879-a045-4c584312a56c;1d1c39f8-2b51-4ca1-b87e-0c0ba1c02d67;08:02:00;entrada;;2025-07-22 08:02:12;2025-07-22 08:02:12;
05ee5c42-0d68-4b9e-b364-04932f2934a2;fbe1d51e-c73b-4d6b-9174-989b4316b1b5;17:16:00;saida;;2025-08-27 17:51:50;2025-08-27 17:51:50;
06545f39-567c-4cfe-b07c-3773182656b9;719fa541-fedb-4534-a70e-c59dc55f2c5b;13:50:00;almoco_retorno;;2025-09-10 16:47:36;2025-09-10 16:47:59;
06782dba-f772-4051-b996-62ab8ce6636f;51ffb91e-4e97-46be-b0a4-a224c838fc0a;17:40:00;saida;;2025-02-11 10:34:23;2025-02-11 10:34:23;
0681dece-70ed-49f5-ba32-22cb1f5b739d;397f02c4-bf59-40f3-a8ad-4995eea5bab3;08:18:00;entrada;;2025-06-03 12:52:14;2025-06-03 17:22:49;
0697076a-4bcd-4357-810f-963354fed975;171e0d88-1879-41e0-8a9b-18772893a1e2;14:06:00;almoco_retorno;;2025-06-17 14:06:46;2025-06-17 14:06:46;
0716e845-994d-419d-8b11-e03ab68d71dc;864a43a3-aedb-49b0-8303-1c8b43288413;13:51:00;almoco_retorno;;2025-10-13 16:51:07;2025-10-13 16:51:07;
078b5ce0-753a-4f7b-a34c-4d9b17796026;cb1cad08-29c6-42f4-99a2-e2f0a1c8bc49;17:15:00;saida;;2025-02-18 17:14:06;2025-02-18 17:14:06;
07fa5511-2713-4441-80ec-46bd62627827;f8f3134b-ba0b-4ba9-86ad-5d06f6ee60e4;17:18:00;saida;;2025-09-04 20:18:12;2025-09-04 20:18:12;
084d8230-833a-4f7b-825f-b223bd8af93e;3772d246-8605-4cc4-856d-e97728b1d750;17:02:00;saida;;2025-05-15 17:02:20;2025-05-15 17:02:20;
086bbb62-a97a-42be-907b-0e53e999bc64;5d366be7-2bc8-4a58-bb1d-b8db2ab9ee1f;13:32:00;almoco_retorno;;2025-01-02 13:32:15;2025-01-02 13:32:15;
0877a2f2-766d-4ec6-8b8b-94eb02939b61;0a8c831e-2790-4de2-8aa7-3d97920ca851;17:07:00;saida;;2024-12-19 17:07:11;2024-12-19 17:07:11;
089b13fb-14ab-48eb-9045-1e31ca82ebb2;a286958a-f56c-4441-afd1-7f90a4861844;13:43:00;almoco_retorno;;2025-04-25 13:43:18;2025-04-25 13:43:18;
08a18d0a-4ed9-4455-b751-b3df6ad58e9a;19895309-3315-498e-a254-b434e88f5bba;13:30:00;almoco_saida;;2024-12-16 09:44:59;2024-12-16 09:44:59;
08e26a78-d8cc-4b0a-baac-a0a3db98a02e;e4422d5a-e5ad-433e-b346-e4494569b674;13:52:00;almoco_retorno;Resolvendo o problema do Bemol;2024-12-16 09:44:59;2024-12-16 09:44:59;
091cdb3d-181c-4163-a974-0513c20271e2;4a0cd8d9-fc31-46f9-b52d-eaa0cd4cdd38;14:36:00;almoco_retorno;;2025-08-14 14:38:16;2025-08-14 14:38:35;
093d0c1b-1718-418f-ba36-b717d3f7cddc;dbc68bfe-6745-4a27-937e-b304ea592fe1;17:00:00;saida;;2025-07-11 16:57:14;2025-07-11 16:57:14;
0977143d-5557-4fde-9391-489bd475f72b;3a2903fc-001a-46e8-9f32-bb8e0725dbd6;13:26:00;almoco_retorno;;2025-03-25 13:26:15;2025-03-25 13:26:15;
09b67d38-2779-43f3-b345-77859cd9e49b;a128c6d6-6bb4-4f7a-9c1a-1f9299a518d7;08:03:00;entrada;;2025-01-03 08:03:30;2025-01-03 08:03:30;
09d8f925-b140-4d48-aca9-e137878f7c99;319ec039-ce08-4d05-b00e-1ad1cdcf42f1;13:22:00;almoco_saida;;2025-06-30 13:22:00;2025-06-30 13:22:00;
0a18cb5e-0fe4-473e-b57b-e05379a92177;3c9785d1-fd40-430d-af1b-ad04841db74f;08:00:00;entrada;a;2025-10-24 12:25:57;2025-10-24 12:28:36;
0a6302a9-0530-4aad-a673-8c5c7cc9c46a;f90a8bdc-30af-4684-90ef-aa3aa48a291b;17:05:00;saida;;2025-07-11 17:05:06;2025-07-11 17:05:06;
0aa806a2-8a04-422c-a7b9-47dee2fb553d;a600d7ac-5738-4f97-986a-957d80490e83;13:10:00;almoco_retorno;;2025-09-05 16:10:18;2025-09-05 16:10:18;
0abc55d3-3a79-4aae-8cf8-f743bcedaa19;a7a6d465-50e9-4a67-84eb-0c59a284626c;13:34:00;almoco_retorno;;2025-07-16 13:34:51;2025-07-16 13:34:51;
0acc823e-2dea-4ce0-b3ac-26cf0a0e96fa;849f8e78-3088-48c4-8903-2c86b8ad1821;08:13:00;entrada;;2025-10-31 11:13:13;2025-10-31 11:13:13;
0ae6a0af-0b6a-4481-8f86-7b790d888450;6ffd7549-f321-4b3e-bedc-79eb469bd956;08:01:00;entrada;;2024-12-16 09:44:59;2024-12-16 09:44:59;
0c154141-0725-4586-8221-a649beb962f8;07a2d67e-57d7-420e-bfa0-df8b820c792c;12:17:00;almoco_saida;;2024-12-16 09:44:59;2024-12-16 09:44:59;
0c234b29-20f1-4bb3-9917-7dd0bf9439c9;a4965711-b2d0-47af-9a3b-7b809a8f7182;13:33:00;almoco_retorno;;2025-01-31 13:33:18;2025-01-31 13:33:18;
0c6f8427-8015-4a1b-ba7e-f4eaa4167720;5b4d422a-b9d0-4c0a-a35b-e50343ff0425;12:59:00;almoco_saida;;2025-04-30 12:59:44;2025-04-30 12:59:44;
0c7d9fbb-e698-4811-ad64-78e9cea507ec;d35eb494-1a0c-40df-9c96-7f709a4d8d72;17:08:00;saida;;2025-01-30 17:08:41;2025-01-30 17:08:41;
0c99f7db-7802-4630-af83-8fc25602e72c;2d478cb6-a9f0-4c81-8869-6675e1ede08f;13:03:00;almoco_saida;;2025-03-26 13:03:29;2025-03-26 17:18:20;
0d820fa3-ce80-4a4b-ac47-e71810a836f7;08c22822-2d4c-4233-b388-b9db7e95096a;08:01:00;entrada;;2025-01-23 08:01:54;2025-01-23 08:01:54;
0dc615e0-58ec-4b46-aff1-63df7df31483;c22b00ff-f7d5-4b67-bbe7-642d648b89f1;13:25:00;almoco_retorno;;2025-03-21 13:25:52;2025-03-21 13:25:52;
0dd9ca27-f1fd-4f72-9a93-d927278403ad;433b4707-6195-47be-894a-6ee09e3189ff;12:50:00;almoco_saida;;2025-05-05 12:49:21;2025-05-05 12:50:15;
0e4f6e51-1a65-4685-814e-699ef53ca3ee;5b4d422a-b9d0-4c0a-a35b-e50343ff0425;14:00:00;almoco_retorno;;2025-04-30 14:01:40;2025-04-30 14:01:51;
0e796da9-2ba3-4066-9e08-90b99f3427f7;26b2b071-ec53-4a2d-bbf2-4c43489c544b;13:46:00;almoco_retorno;;2024-12-16 09:44:59;2024-12-16 09:44:59;
0e9ea42e-f9d3-4eda-a24f-41f3c059a472;e5d82646-2ee8-42c3-b297-9060b7598f98;15:10:00;almoco_retorno;;2025-09-03 18:07:28;2025-09-03 18:11:03;
0ed40323-7705-43da-ac57-a63eab2ba0ce;5401bff5-3ec9-4e50-b862-7c72f254a68e;17:23:00;saida;;2025-06-25 17:23:52;2025-06-25 17:23:52;
0f2d3f15-7bbf-4c0a-9d9b-e154d6eab86b;a95d2aa0-c13e-459d-ab45-7b82341c6230;17:30:00;saida;;2025-06-11 17:30:35;2025-06-11 17:30:35;
0f7880ba-88c9-47d1-a159-cf0ae2438df7;39c7f326-7e45-491a-b62e-1717758ca84c;13:27:00;almoco_retorno;;2025-04-09 13:27:16;2025-04-10 09:36:10;
0fa9f6a5-f659-43fe-a3e6-ca4309ce7820;29f304ff-a795-436c-8862-1298158fd503;08:03:00;entrada;;2025-09-08 11:03:34;2025-09-08 11:03:34;
0ff15591-be57-4271-b398-b7e248f137eb;a617bc4f-1e83-4924-8ec1-731e05d12c4f;13:42:00;almoco_retorno;;2024-12-16 09:44:59;2024-12-16 09:44:59;
0ff5abe4-6cdd-4b7a-8643-427222642fba;1d5d25f1-3c89-440a-a83d-13130a53be20;08:02:00;entrada;;2025-04-17 08:02:55;2025-04-17 14:43:31;
10186771-9e78-4b7e-973a-aba83bafe8fc;b331b089-8533-4fd5-94db-afef66c58e23;08:02:00;entrada;;2024-12-16 09:44:59;2024-12-16 09:44:59;
102084be-5cca-4541-976f-5ae6a344f87c;63cb20b6-4c86-43fe-bd9d-eb1d4947ca15;17:22:00;saida;;2024-12-16 09:44:59;2024-12-16 09:44:59;
102c4f5f-2e9b-4892-b378-e110725b9066;719fa541-fedb-4534-a70e-c59dc55f2c5b;08:07:00;entrada;;2025-09-10 11:03:43;2025-09-10 20:04:52;
10704bdb-9b53-4aff-8611-2d28f136204e;62dfa129-4116-4e5a-b9e2-86f574eea49d;17:00:00;saida;;2025-03-19 15:51:53;2025-03-19 15:51:53;
108d2e42-672a-4fab-b8ef-a0bba7fe4e75;875b3d2f-095b-417d-8c5f-89704431c085;17:06:00;saida;;2025-10-02 20:06:46;2025-10-02 20:06:46;
108e5317-ca9b-4eac-925a-ceead4572806;bcb51dd0-584c-4905-8ba6-d5929b1b3664;13:53:00;almoco_retorno;;2025-11-04 16:53:11;2025-11-04 16:53:11;
10a96034-f017-46ec-882c-937310ccd2c9;0c11afd5-b0cc-42d4-8582-60e056eb48e2;13:46:00;almoco_saida;;2024-12-16 09:44:59;2024-12-16 09:44:59;
10c11e82-0f00-404c-a595-80d2390adf3c;0fb33152-8f5c-46b7-8473-d4dd100971a0;13:36:00;almoco_retorno;;2025-06-12 13:39:17;2025-06-12 13:39:25;
10d67226-d1e6-45ed-8ebd-fb3bc3785ff2;8faedb0e-7adc-468e-97e5-d5fc807dae77;08:01:00;entrada;;2024-12-20 08:01:56;2024-12-20 08:01:56;
11681d71-5a90-476a-87c0-988a3d7348bf;a7a6d465-50e9-4a67-84eb-0c59a284626c;08:01:00;entrada;;2025-07-16 08:01:35;2025-07-16 12:32:36;
119fb5d1-246d-46e7-96a6-07ee0fc95061;88aad3d9-1abf-45ad-a664-2d2e40eb0db8;12:37:00;almoco_saida;;2025-06-16 12:37:06;2025-06-16 12:37:06;
11af5837-9593-4448-9df4-fce7554d8df7;f5510c22-f3a5-4da3-aa02-fda5eace82b7;17:09:00;saida;;2024-12-16 09:44:59;2024-12-16 09:44:59;
123104de-ff41-4bf3-ba80-cc144ff30187;fe35db8e-39a3-4018-a8c4-f997c29a23df;08:06:00;entrada;;2025-05-02 08:06:11;2025-05-05 11:21:16;
12590e1d-a6a5-44fc-8c36-493cb2e1b5aa;734f1b83-e4bf-4f4e-bca4-f48e20f6b376;13:45:00;almoco_retorno;;2025-01-15 13:45:56;2025-01-15 13:45:56;
1327faa9-e6f7-4d97-850f-62077bc9c03f;e73d57ed-e304-4079-9b9e-d4cd4db0c805;08:05:00;entrada;;2024-12-16 09:44:59;2024-12-16 09:44:59;
1362bee1-facd-4171-80fa-e601b6cc64af;d72802c8-23d2-4acc-bd97-1e549818ed12;08:03:00;entrada;;2025-08-26 08:55:12;2025-08-26 14:17:08;
1379a8bc-b6a6-40aa-a02c-8b47a438a9b3;0d0e1fa3-8e4b-4e16-a90d-1a635c2681ae;18:34:00;saida;Fiquei até mais tarde olhando o critério que desenquadrou no supplier;2024-12-16 09:44:59;2024-12-16 09:44:59;
13d1430b-af3c-4704-a7af-4bb0ac449086;60201c4d-30f2-4874-a5a9-4229f69d26f2;13:48:00;almoco_retorno;;2025-06-18 13:48:38;2025-06-18 13:48:38;
13f21153-02fa-4b02-aef6-319f99c71f8d;e21f1558-5f74-4121-97f0-0d0746e5a3bc;12:34:00;almoco_saida;;2025-01-28 12:34:38;2025-01-28 12:34:38;
13f50952-1b5b-43a6-b0c2-a8fb7189e26a;23cb46e1-52ec-46fb-88a0-c2e8f5d93e90;08:13:00;entrada;;2025-08-19 08:41:20;2025-08-19 17:40:25;
13fa7104-2c4f-4a68-a7e3-9e25c99f9796;d77ad1af-ee7e-4449-bd73-e3cfb3d3d993;12:48:00;almoco_saida;;2025-11-03 15:48:59;2025-11-03 15:48:59;
144c9066-0f79-4916-8698-b656b407ffcb;07a2d67e-57d7-420e-bfa0-df8b820c792c;08:05:00;entrada;;2024-12-16 09:44:59;2024-12-16 09:44:59;
14b0ccd1-02e7-4b16-b6fe-187a8de59ef0;07c91d78-a158-4b49-882d-27596b2b4f3c;17:17:00;saida;;2025-04-04 13:27:23;2025-04-04 13:27:23;
14fd6591-f6da-40bf-aa6f-81234fb1d377;4edfdc80-5fe8-44b8-aa92-7c3643d1e636;12:35:00;almoco_saida;;2025-06-20 12:34:29;2025-06-25 13:43:35;
1578dab9-b26e-47c3-9863-4062412bc2c9;75b76b4b-6599-46eb-be01-9346a7c6462f;13:42:00;almoco_saida;;2025-09-19 16:42:25;2025-09-19 16:42:25;
15be651e-8c5e-4ace-b9de-5a1b3d79a237;d67f6f2e-ea0a-4056-8d89-5920e99d2847;08:30:00;entrada;;2025-06-10 08:30:20;2025-06-10 14:19:51;
161ed37c-23ae-4ead-b576-79724c921d7e;38b987ae-dd06-4666-b566-886868ce18b0;17:23:00;saida;;2025-02-26 17:23:39;2025-02-26 17:23:39;
1633e742-d33d-4146-bc40-d226e41cc1fb;d7a116c0-1c19-481f-b992-a096cbe15f0d;15:04:00;almoco_retorno;;2025-08-20 15:05:00;2025-08-20 15:05:09;
165e7e2c-b7ed-416b-aa53-c86bc1d904e8;f8f3134b-ba0b-4ba9-86ad-5d06f6ee60e4;13:07:00;almoco_saida;;2025-09-04 16:07:20;2025-09-04 16:07:20;
166344e9-b26e-454c-aa5a-e2f46e35ae81;07a2d67e-57d7-420e-bfa0-df8b820c792c;18:38:00;saida;;2024-12-16 09:44:59;2024-12-16 09:44:59;
1669a7ca-9d22-465a-b382-91ca5ef55433;fdfa1d67-49e8-47b7-8323-8535c4af90be;17:59:00;saida;;2025-09-01 17:18:53;2025-09-01 20:59:50;
16cdcdf9-e16a-403d-99a4-75a2a696f709;ee782efe-3181-4c29-b6a4-9db247517560;08:01:00;entrada;;2025-03-31 08:01:08;2025-03-31 08:01:08;
17150aba-d10d-43c6-9ab5-b23db35498d0;799a8ac7-5e62-448f-ad75-a13ce1d73840;13:05:00;almoco_retorno;;2025-02-21 13:38:15;2025-02-21 13:38:15;
178580a8-b52b-404b-9772-a2e7a1740d0d;19895309-3315-498e-a254-b434e88f5bba;08:04:00;entrada;;2024-12-16 09:44:59;2024-12-16 09:44:59;
178cfd01-534a-4617-a98c-9e8df5bff5ee;c749b005-928d-47aa-ba0d-e55b2eea6924;17:10:00;saida;;2025-09-29 20:10:43;2025-09-29 20:10:43;
18369d90-1c82-489a-bf95-c0cd52a359ec;f5bbd14f-e913-4c61-bef8-a6da7f0397eb;12:30:00;almoco_saida;;2024-12-16 09:44:59;2024-12-16 09:44:59;
18599d9d-7e0c-4c64-8f4d-945d4b62ab7c;974d3bca-b68d-4e95-a94f-edb5de72f03a;12:44:18;almoco_saida;;2024-12-16 09:44:59;2024-12-16 09:44:59;
18b29f3c-12ab-45ac-949f-7ce19cd15b24;474d3b37-c5e6-4a1f-96e2-c5fd4cf0e732;08:06:00;entrada;;2024-12-16 09:44:59;2024-12-16 09:44:59;
193a6918-e89b-48b6-89b3-fcc5f93de20f;7ecdf9f3-d623-4155-804a-27004709b543;13:44:00;almoco_retorno;;2024-12-16 09:44:59;2024-12-16 09:44:59;
193af792-e54a-4bce-b542-731d839359a3;eb2ef5ad-ff40-4d17-a9d1-fcf1447239cc;13:32:00;almoco_retorno;;2025-03-11 13:32:37;2025-03-11 13:32:37;
196a547b-a806-4cee-9065-00d7b55230fc;dfe892b1-4012-4595-99a0-16c826fe957a;13:48:00;almoco_retorno;;2024-12-16 09:44:59;2024-12-16 09:44:59;
1a043518-e16d-4b6e-bfee-c33ab5c75627;a95d2aa0-c13e-459d-ab45-7b82341c6230;08:01:00;entrada;;2025-06-11 05:01:40;2025-06-11 05:02:03;
1aa514ef-6cd5-4646-bbf0-9832b46b862e;28e41738-5608-4e3b-966b-3b6fea389895;14:53:00;almoco_saida;Almoço mais tarde em virtude da troca do dia de terapia;2024-12-16 09:44:59;2024-12-16 09:44:59;
1acfed74-a393-4041-a640-a401cd513367;a7f9a204-4c8b-43e8-8fad-822f23cac59e;08:08:00;entrada;;2025-09-24 11:05:38;2025-09-24 20:10:47;
1b3c10a8-d94d-4761-9121-e5c4c8d3f175;8571d047-38fa-4f73-91a8-08fcf2d1f04e;08:12:00;entrada;;2025-04-11 08:11:53;2025-04-30 12:27:28;
1b494fab-416f-48ff-b8da-7bf30c37b25e;afd27c5d-4b17-4bc1-9890-72249713f400;08:02:00;entrada;;2025-03-07 08:02:06;2025-03-07 17:14:24;
1b5a0c44-e450-47de-ad8b-24a23004f71c;407a5253-fa9d-4543-9dc0-f176357cdc6c;08:00:00;entrada;;2025-07-15 08:01:05;2025-07-21 10:23:18;
1b90f8b5-7fab-4a10-a496-6b7b3a5d0a62;1d1c39f8-2b51-4ca1-b87e-0c0ba1c02d67;17:02:00;saida;;2025-07-22 17:02:50;2025-07-22 17:02:50;
1bbc6e48-05ff-49eb-97ee-33c9136c6a04;4a39d6c6-f693-4836-aaaa-c0589893ea97;08:04:00;entrada;;2025-02-13 08:04:25;2025-02-13 08:04:25;
1bf84257-20a4-4079-a1b9-5398a0fd612a;95564710-b8c2-499a-b1e3-b66f2f46a18f;08:02:00;entrada;;2025-03-24 08:02:38;2025-03-24 13:31:21;
1c2503f2-ca2c-448f-81b0-17b9169619e9;20812627-edec-4f8a-98f4-8525db7cde5c;17:09:00;saida;;2025-09-02 20:09:28;2025-09-02 20:09:28;
1c564a07-a944-4deb-9c6a-4cabd796048b;061f9f17-1759-4931-a40d-ace7facbb271;13:51:00;almoco_saida;;2025-09-30 16:51:57;2025-09-30 16:51:57;
1cba095b-cdbc-4595-905d-e8ed9c0090cc;2d478cb6-a9f0-4c81-8869-6675e1ede08f;14:04:00;almoco_retorno;;2025-03-26 14:04:13;2025-03-26 17:18:20;
1cbecace-1f79-4377-8154-e096c499ca37;c9961968-1f57-4310-a496-e4b5a21c531e;13:28:00;almoco_retorno;;2025-06-09 17:25:48;2025-06-09 17:26:01;
1cf97858-13e6-40d0-9f3d-2d8e1fdc2237;338f2622-7327-4547-9893-939b65f3303e;14:00:00;almoco_retorno;;2024-12-16 09:44:59;2024-12-16 09:44:59;
1d06959f-6f10-458a-865f-279fca9d2640;30120e4e-8df1-411b-83f8-73cc5d724d24;17:13:00;saida;;2025-08-22 17:09:31;2025-08-22 17:09:45;
1d0dbe25-c84c-4a52-b271-25bdc869677f;dafce647-140c-4037-87f7-7242d15c25a6;17:18:00;saida;;2025-05-07 16:10:09;2025-05-07 16:10:09;
1d3c59ca-f93c-4dcf-94b0-be5384a6a85b;99f6e97c-a3e8-4b89-b4dc-5798ab593f4b;12:06:00;almoco_saida;;2025-01-22 12:06:12;2025-01-22 12:06:12;
1d408dae-72b3-49b3-85c2-9922ee1f76ce;b331b089-8533-4fd5-94db-afef66c58e23;14:47:00;almoco_retorno;;2024-12-16 09:44:59;2024-12-16 09:44:59;
1d40dd41-5fa8-4f8a-82ad-72724cd7c2df;94fe142f-2f75-4ca9-b481-9291a6fbcbb8;13:54:00;almoco_retorno;c;2025-10-22 17:42:26;2025-10-22 17:42:26;
1d47fca5-ac76-4a9b-922f-5bd42b0bbd1c;ceda816d-015d-4b3a-8abb-87d158405ebe;17:03:00;saida;;2024-12-17 17:03:40;2024-12-17 17:03:40;
1de4edc4-77f3-4191-8728-1eee4ca119ac;d77ad1af-ee7e-4449-bd73-e3cfb3d3d993;17:08:00;saida;;2025-11-04 11:16:44;2025-11-04 11:16:44;
1e4e0814-194a-4512-9bac-bc062b3dfbe2;0bc04e89-990b-4c1b-8194-e7e855b0ae14;12:44:00;almoco_saida;;2024-12-16 09:44:59;2024-12-16 09:44:59;
1e518cc6-5493-41e4-8c8a-8db40accaf30;553f392f-781b-40aa-8b5e-bc5a2f8eb31f;08:03:00;entrada;;2024-12-16 09:44:59;2024-12-16 09:44:59;
1eca5ccd-5a0e-4d5e-936a-99141357d025;45e87d5d-2b19-4b09-9ddf-e07eb9e980df;08:06:00;entrada;;2025-04-28 08:06:29;2025-04-28 08:06:29;
1ed00968-1741-4142-8a0b-0ed854926b1f;c5d07841-1ff3-4741-9173-358beff2425a;14:45:00;almoco_retorno;;2025-03-27 14:45:29;2025-03-27 14:45:29;
1ef8fcd1-d8e3-4cfb-8e4a-e52bb0ad6a92;2f49b98f-bc55-4cae-9d7f-c18ecda24acc;14:45:00;almoco_retorno;Falta de luz em casa, batimento de saida: 16:47;2024-12-16 09:44:59;2024-12-16 09:44:59;
1f177409-a547-47b4-b43f-9977abf0c505;a600d7ac-5738-4f97-986a-957d80490e83;08:31:00;entrada;;2025-09-05 11:31:08;2025-09-05 11:31:08;
1f1d9a08-d5d1-4b92-9bc6-74df2fa601e7;dfe892b1-4012-4595-99a0-16c826fe957a;17:05:00;saida;;2024-12-16 09:44:59;2024-12-16 09:44:59;
1f1f93b6-6f2f-402d-bd34-6eb0393dd48a;8ea3ba47-6a33-44e0-8d2e-34f52aa0c7b8;14:00:00;almoco_retorno;Mongo Developer Day RJ;2024-12-16 09:44:59;2024-12-16 09:44:59;
1f42f617-8364-4568-80d9-35bb7b8ac33f;0d0e1fa3-8e4b-4e16-a90d-1a635c2681ae;08:04:00;entrada;Fiquei até mais tarde olhando o critério que desenquadrou no supplier;2024-12-16 09:44:59;2024-12-16 09:44:59;
1f58c741-7079-4ce7-9c34-8c532143e6c3;b9216283-b381-4ee1-8c7e-54f5ceaaa03e;08:03:00;entrada;;2025-04-10 08:36:24;2025-04-11 08:14:03;
1fa98731-9f59-4fc6-8345-b14c5bdfaf29;3a22ba9b-4116-4ce1-91db-62e19a2adbb8;08:07:00;entrada;;2025-04-16 08:07:25;2025-04-16 13:29:38;
1fee76ea-c13d-4a3d-851e-574b64fe88ec;02619758-281f-4483-ad29-cb69781320b7;17:08:00;almoco_retorno;;2025-03-05 17:08:52;2025-03-07 08:38:46;
1ff58402-f494-4dcd-a32b-1a6d1c496c1c;0869f11a-e916-43bf-98d5-c0edde5d5217;12:38:00;almoco_saida;;2025-09-09 16:22:16;2025-09-09 16:22:27;
20407af2-a3a8-4ff6-8ffc-ad1618801cab;9fb6b527-c99a-4cba-9289-82d5217d4dd0;15:36:00;almoco_retorno;;2025-03-13 15:36:56;2025-03-13 18:06:49;
20462ae9-eeb7-49da-a1d9-db9ad873153d;33db8a5b-78f9-45d4-afc2-f1e67c01bfe6;08:05:00;entrada;;2025-10-30 11:06:06;2025-10-30 11:06:06;
208353ba-21e0-40f4-b0f3-f14ea5d20afa;fc36c3bb-6041-429c-8d55-1169a5160632;18:51:00;saida;;2025-02-05 18:51:32;2025-02-05 18:51:32;
20868c3d-890e-40f9-8a20-2bc1b63a763c;f5510c22-f3a5-4da3-aa02-fda5eace82b7;13:31:00;almoco_saida;;2024-12-16 09:44:59;2024-12-16 09:44:59;
20c71923-8072-4e54-a6c2-7249320602af;92ed7635-76ba-4c2a-b247-bc9780e27009;13:56:00;almoco_retorno;;2025-06-06 13:56:31;2025-06-06 13:56:31;
20d19c57-e422-4cb6-b3a9-3fb780d6896c;9ea9d0f7-8539-4feb-b7ae-9c9eca3b6855;08:19:00;entrada;;2025-09-23 11:19:30;2025-09-23 17:44:57;
20f61cb9-156a-4ecb-ae5d-48fcf7cffc5e;acb3c211-dc2f-4603-b0cc-7efa2564d6bb;13:41:00;almoco_retorno;;2025-01-06 13:41:17;2025-01-06 13:41:17;
210fe6f0-9479-4f77-82a2-0903258ea3b7;619e0025-bd81-4390-8adc-0c382094aed1;12:43:00;almoco_saida;;2025-08-13 12:43:32;2025-08-13 12:43:32;
211fb46e-37c3-4466-8ce7-bf0afaca9800;15cb0ae6-20ce-4d0f-94d9-371742066e76;17:33:00;saida;;2024-12-30 17:33:31;2024-12-30 17:33:31;
21ad5f6b-59af-4332-ba53-3908b5d76a79;e21f1558-5f74-4121-97f0-0d0746e5a3bc;08:01:00;entrada;;2025-01-28 08:01:13;2025-01-28 08:01:13;
2284bfe3-9f3a-4fb1-8eec-4dd13d60ee40;a4a7478c-1b33-4a33-be40-4a02e321d0fe;12:58:00;almoco_saida;;2025-08-15 12:54:13;2025-08-15 13:54:47;
22b8946a-240e-4dbb-bfd2-69c8888b01f4;4d05528a-4ad3-45a6-96fa-78148d219873;12:23:00;almoco_saida;;2024-12-16 09:44:59;2024-12-16 09:44:59;
231375d6-7446-4691-b9e3-22152d9af549;51d6c8b8-5c8d-443f-9dec-495ac72d6c6c;08:06:00;entrada;;2024-12-16 09:44:59;2024-12-16 09:44:59;
232a9b11-1bcd-4b7f-82b7-8e592a99ba26;2f0813e7-9dd2-4244-8400-1c73a7d955bf;17:11:00;saida;;2024-12-16 09:44:59;2024-12-16 09:44:59;
23355d34-e92d-4364-bcdd-28f4157440fd;cc0cc18d-a7e0-454b-bd25-ee88c092235c;17:06:00;saida;;2025-10-03 20:06:54;2025-10-03 20:06:54;
234ac83a-01b7-4c23-8f62-ef68684badac;0c11afd5-b0cc-42d4-8582-60e056eb48e2;17:01:00;saida;;2024-12-16 09:44:59;2024-12-16 09:44:59;
239ab735-bb60-42ee-87da-46cbfc554712;1dddacbf-8976-4979-a1e7-1e12fbab2db1;14:45:00;almoco_retorno;;2024-12-26 14:45:58;2024-12-26 14:45:58;
23bca2a8-b255-475b-99ad-9c49da0c9a26;60487dd6-c440-4446-a3b8-f03de4ecf516;17:09:00;saida;;2025-09-15 20:09:01;2025-09-15 20:09:01;
23e9d366-c059-4395-b1be-fab50f269afd;dbf7eb60-b694-4de0-b6dc-20df394d5448;16:06:00;saida;;2025-06-13 16:06:09;2025-06-13 16:06:09;
240eb722-2793-4bb6-b0b4-6a63eaa14328;0bdc78ff-f9e5-4e48-a239-bcb5af4be6ba;13:40:00;almoco_retorno;;2025-11-14 16:40:43;2025-11-14 17:48:35;
246ed03a-9825-4b9f-8dcf-3000ba89504c;f61ec506-4993-40d6-8926-d1639bd6341d;17:23:00;saida;;2025-06-25 13:42:43;2025-06-25 13:42:43;
25e2f6d9-a455-4539-9a8a-c55281246a35;b7521fa9-c079-4ae0-96cb-fcbd7c0b6349;08:04:00;entrada;;2025-09-11 11:02:25;2025-09-11 11:04:33;
25e3212b-c2e6-498a-9636-7617611b3f17;3772d246-8605-4cc4-856d-e97728b1d750;08:01:00;entrada;;2025-05-15 08:01:07;2025-05-15 08:01:07;
25f561e0-f8e0-44df-b91f-a3c7a910e74f;15521860-24de-465c-940a-6807d38e7e3f;13:49:00;almoco_retorno;;2025-11-07 16:49:35;2025-11-07 16:49:35;
260802c0-87aa-4408-a178-8d029422acdc;0bc04e89-990b-4c1b-8194-e7e855b0ae14;17:00:00;saida;;2024-12-16 09:44:59;2024-12-16 09:44:59;
2670c896-0ab0-4a2e-a942-6a4b4a86c743;ebcf4297-cb46-4404-9e87-3a9c9866833a;12:47:00;almoco_saida;;2025-10-01 15:47:02;2025-10-01 15:47:02;
26a05e94-b740-4592-b6dc-aa974f897e8d;e5d82646-2ee8-42c3-b297-9060b7598f98;08:09:00;entrada;;2025-09-03 11:09:22;2025-09-04 11:07:36;
271a2fe5-55d5-47aa-a506-dad77bb053dc;e828867a-b85e-4816-98d8-43f746551e48;12:13:00;almoco_saida;;2025-03-12 12:13:58;2025-03-17 14:27:10;
272f6f08-4811-416b-be8e-a0570bd59d25;2f0813e7-9dd2-4244-8400-1c73a7d955bf;08:07:00;entrada;;2024-12-16 09:44:59;2024-12-16 09:44:59;
2739122c-5799-4680-a0cd-624969ee025a;c4acc736-54df-4c85-9387-67175347bc7c;17:19:00;saida;;2025-01-22 12:06:12;2025-01-22 12:06:12;
2750bb24-049f-4f1b-84a7-d2646882412e;7927b73f-dc3a-49ff-930e-e31e4a4b6885;12:58:00;almoco_saida;;2024-12-27 12:58:06;2024-12-27 12:58:06;
27e8244d-e9a4-4784-9506-97cf761e1bb7;2112e2a9-4463-4b46-9d87-74b2fb50fae2;17:12:00;saida;;2025-04-25 08:21:00;2025-04-25 08:21:00;
289f93e7-7ff7-4a8f-9253-1d5e3a0fd6f9;c6bf8441-9bdf-4817-996d-eb2e2eaa791c;14:38:00;almoco_retorno;;2025-04-04 08:02:35;2025-04-04 08:02:35;
28b977ad-fb41-4124-ba8e-1db085da6fc7;62dfa129-4116-4e5a-b9e2-86f574eea49d;15:00:00;almoco_retorno;;2025-03-19 15:51:53;2025-03-19 15:51:53;
28c2013c-e8a7-4eb9-83f1-6ae57311101a;45d55538-6912-4e41-adee-885af86968f7;14:44:00;almoco_retorno;;2024-12-16 09:44:59;2024-12-16 09:44:59;
28d50a10-f3a7-4116-b8e3-404ad386294b;864a43a3-aedb-49b0-8303-1c8b43288413;12:47:00;almoco_saida;;2025-10-13 15:47:00;2025-10-13 15:47:00;
2908b9a3-59bb-4ed8-9e6e-bd3423606cd0;b9216283-b381-4ee1-8c7e-54f5ceaaa03e;14:44:00;almoco_retorno;;2025-04-11 08:13:06;2025-04-11 08:13:06;
292ed086-3046-4896-a2e3-f8aaa2a8a9f7;19866254-7f5a-4121-8ab1-e917687382e9;14:50:00;almoco_retorno;;2025-03-10 14:50:59;2025-03-10 14:50:59;
295ef0d9-17e9-440e-b3d6-aa3a772bccc3;9ea9d0f7-8539-4feb-b7ae-9c9eca3b6855;17:36:00;saida;;2025-09-23 20:36:30;2025-09-23 20:36:30;
2969a46a-c741-4b27-9425-44387cafb4fe;51d6c8b8-5c8d-443f-9dec-495ac72d6c6c;17:09:00;saida;;2024-12-16 09:44:59;2024-12-16 09:44:59;
2a05363d-1a83-47a5-a340-13d1c45e9673;171e0d88-1879-41e0-8a9b-18772893a1e2;17:18:00;saida;;2025-06-17 17:18:49;2025-06-17 17:18:49;
2a1e8ea6-94d5-4291-9733-d37897d9dd73;29f304ff-a795-436c-8862-1298158fd503;13:00:00;almoco_saida;;2025-09-08 16:00:50;2025-09-08 16:00:50;
2a2a2e49-63e4-498e-86e6-c4d8900406e2;94fe142f-2f75-4ca9-b481-9291a6fbcbb8;16:33:00;saida;d;2025-10-22 19:33:01;2025-10-22 19:33:01;
2a6d932a-7020-44fc-b6c6-c0e63519f292;527fbea8-e151-48f5-a827-995a74c64906;13:34:00;almoco_saida;;2024-12-16 09:44:59;2024-12-16 09:44:59;
2b8d064a-628f-4f59-bc52-468fa850d64f;cc0cc18d-a7e0-454b-bd25-ee88c092235c;08:06:00;entrada;;2025-10-03 11:05:27;2025-10-03 17:43:59;
2c23d0ef-2950-42d3-bcf2-d0b8b9680895;00fdc1e0-d331-43f1-b703-f5900a87f162;12:41:00;almoco_saida;;2025-05-09 12:41:16;2025-05-09 12:41:16;
2c29cc44-5e56-4bf1-8451-92da4da456eb;104d5593-b277-4538-900e-533d9832b8f0;14:51:00;almoco_retorno;;2025-11-05 20:00:17;2025-11-05 20:00:58;
2c495843-8c65-4775-915a-13df20b26eaf;72c731cf-dfe1-4582-8e44-ef623267a93e;08:01:00;entrada;;2025-07-24 08:00:55;2025-08-20 15:29:20;
2c95ee1c-1dd8-41f5-a718-a76ebcb3c207;dbc68bfe-6745-4a27-937e-b304ea592fe1;13:00:00;almoco_retorno;;2025-07-11 16:57:14;2025-07-11 16:57:14;
2cca4944-d06b-49ee-bc3e-66ef3b4eb438;52872e75-de7b-45a3-8624-36e63e40ca9b;12:45:00;almoco_saida;;2025-11-10 15:45:02;2025-11-10 15:45:02;
2cd65e33-bda9-4d69-bad4-163ddb335c84;30120e4e-8df1-411b-83f8-73cc5d724d24;12:55:00;almoco_saida;;2025-08-22 13:58:50;2025-08-22 13:58:50;
2cd8d747-9726-4dc2-a0b9-2fc3f85fad65;666385d6-8e60-4f20-98b2-bc0e77bb3ea1;13:06:00;almoco_saida;;2025-11-17 16:06:53;2025-11-17 16:06:53;
2ce16b2c-01bf-4437-becb-9c2ee7933481;adfe5434-cdd2-4e08-a565-0f0e8fe24d9c;08:02:00;entrada;;2025-01-24 08:18:27;2025-01-24 08:18:27;
2da29dcb-b91d-48a6-961e-899c54d388ce;c5d07841-1ff3-4741-9173-358beff2425a;17:01:00;saida;;2025-03-27 17:01:47;2025-03-27 17:01:47;
2dc2140d-e7c9-4380-8c1c-e9e83d0f2039;af241db2-2562-4804-818f-96dc99aaa6bf;12:48:00;almoco_saida;;2024-12-16 09:44:59;2024-12-16 09:44:59;
2dc5d528-98c4-42c9-97ae-19db4fb5f36c;0f63ad3f-2c42-4a4b-bbd1-1b63f4543d2a;13:38:00;almoco_saida;;2025-09-17 16:44:39;2025-09-17 16:45:24;
2dfebf82-74d6-4792-86ea-6be726100fba;ff1f2bc2-f8b1-4751-b10f-a1a54c3b6ee6;13:45:00;almoco_saida;;2025-08-28 16:45:46;2025-08-28 16:45:46;
2f271501-1371-4a5f-98a3-0241620014cc;f90a8bdc-30af-4684-90ef-aa3aa48a291b;13:47:00;almoco_retorno;;2025-07-11 13:47:10;2025-07-11 13:47:10;
2f941b94-ddfa-4849-8c19-92113ca523d5;705de0c7-0e6a-4d90-ad74-b359a1100dc6;17:08:00;saida;;2025-08-12 17:08:45;2025-08-12 17:08:45;
2fc3b5ec-319f-4742-8471-a018cb38caa8;a7f9a204-4c8b-43e8-8fad-822f23cac59e;13:51:00;almoco_retorno;;2025-09-24 16:51:17;2025-09-24 16:51:17;
2ff01406-7e8a-4eae-aae3-d612735b87b8;0869f11a-e916-43bf-98d5-c0edde5d5217;17:04:00;saida;;2025-09-09 20:04:50;2025-09-09 20:04:50;
2ffb73bf-f0d3-4645-9e27-d7dd8784a8a7;17f9a863-8080-47d9-9251-f3cf4c957bac;08:05:00;entrada;;2025-09-25 11:05:30;2025-09-25 20:02:30;
301f752a-70ce-4b70-895b-a377622da0d5;1db07ca9-6d1f-4a98-84b8-ffc0e0b56103;13:33:00;almoco_retorno;;2025-07-21 13:33:17;2025-07-21 13:33:17;
3049398c-0e72-41ef-84a5-890b0054012f;7bcb8c50-55ba-4495-a002-65a28828ccef;08:02:00;entrada;;2025-06-04 08:02:12;2025-06-30 08:10:46;
30fe088c-c877-4cc1-ad71-79b5a113a4f9;19866254-7f5a-4121-8ab1-e917687382e9;13:40:00;almoco_saida;;2025-03-10 13:40:21;2025-03-10 13:40:21;
310c7fd5-c7bd-4255-a090-98750a5d7f11;c04643b6-800e-46e4-bdfc-7cccff90f64c;13:46:00;almoco_retorno;;2024-12-16 09:44:59;2024-12-16 09:44:59;
3110c702-8dd4-4417-8abd-b78f8efca8d4;afd27c5d-4b17-4bc1-9890-72249713f400;12:05:00;almoco_saida;;2025-03-07 12:05:42;2025-03-07 17:14:24;
312190dc-0f44-4fa4-9952-cff298bfc963;9fb6b527-c99a-4cba-9289-82d5217d4dd0;13:40:00;almoco_saida;;2025-03-13 13:40:35;2025-03-13 18:06:49;
3142c87b-2a07-4930-ae14-2765987f47c1;33db8a5b-78f9-45d4-afc2-f1e67c01bfe6;18:00:00;saida;resolvendo problema do alume;2025-11-03 20:06:54;2025-11-03 20:06:54;
321e2ca7-3797-40d3-828f-d03c929c08e0;ff1f2bc2-f8b1-4751-b10f-a1a54c3b6ee6;17:12:00;saida;;2025-08-28 20:12:03;2025-08-28 20:12:03;
32997e0a-e6dc-4855-8552-76fafc07b4f7;aa616560-ad38-4b11-88f4-478eeabc5cf0;08:07:00;entrada;;2024-12-16 09:44:59;2024-12-16 09:44:59;
32aabe4f-0aea-4a81-853f-2f397890a8a3;6a374e6a-14c0-44ee-bdef-0661542be1af;17:07:00;saida;;2024-12-16 09:44:59;2024-12-16 09:44:59;
32b4a3c4-fe99-4395-a23d-d996a3bf5235;fc36c3bb-6041-429c-8d55-1169a5160632;08:00:00;entrada;;2025-02-05 08:00:58;2025-02-05 08:00:58;
32f28eed-d7fa-4936-b40e-63d3546e14ef;e0385c16-99c8-4c02-bc18-5b9f853e8a27;14:05:00;almoco_saida;;2024-12-23 14:05:56;2024-12-23 14:05:56;
330e04d4-1373-426a-9244-420ca36d191b;be61e450-cfa3-4161-9867-4d5f0e2ae42a;17:22:00;saida;;2025-02-10 17:25:09;2025-03-17 09:47:41;
332430f5-b2db-44fe-a22f-1cd9e9fa91d6;bd679722-ab6b-47f3-a5af-56061ca55b7d;17:04:00;saida;;2024-12-16 09:44:59;2024-12-16 09:44:59;
334d3fe9-2627-4a39-bd34-bf57c79c3ccd;fef8b594-8560-4a5f-88fe-4404a619d2eb;17:03:00;saida;;2025-09-12 20:03:07;2025-09-12 20:03:07;
3354ca73-bf48-467f-a8d4-95c2696e3ec3;30a8d93a-2e89-44db-9e58-442261e996c8;17:04:00;saida;;2025-01-10 17:04:44;2025-01-10 17:04:44;
33b32388-b7f9-4e20-bd3b-a63676e7610d;015eb923-628f-49db-bf93-5f9d8bdbd622;08:18:00;entrada;;2025-02-19 08:18:03;2025-02-19 08:18:03;
34150887-fb2e-41eb-bb82-cbfe987dcf16;6faa8800-dc74-44cf-8b52-a6d89af1004f;12:48:00;almoco_saida;;2025-11-18 15:48:41;2025-11-18 15:48:41;
3438be32-edb6-4102-93d5-72557aa34862;dafce647-140c-4037-87f7-7242d15c25a6;12:06:00;almoco_saida;;2025-05-06 12:06:26;2025-05-06 12:06:26;
34879d3c-3f1f-42f7-9c84-db108beee4cb;6949f4bb-d6f3-4681-9278-a84bd49eb8aa;18:08:00;saida;;2025-04-15 08:20:31;2025-04-15 08:20:49;
3519caf8-1fa5-4532-b072-8409405649d8;433b4707-6195-47be-894a-6ee09e3189ff;17:01:00;saida;;2025-05-05 17:01:53;2025-05-05 17:01:53;
35ad8b21-988a-43f7-b537-182d48425de1;74ed80b8-40fa-4eff-aa0f-0ed34b6412ef;08:03:00;entrada;;2025-06-27 08:41:16;2025-06-27 08:42:32;
366f1be7-c1b4-4dd5-9730-e76a3a0172f2;60d5f868-8247-47b2-b06f-f6b020464bd8;17:26:00;saida;;2025-09-18 20:26:12;2025-09-18 20:26:12;
36b2d10d-8b50-401d-8bab-66728f99b538;0c11afd5-b0cc-42d4-8582-60e056eb48e2;14:46:00;almoco_retorno;;2024-12-16 09:44:59;2024-12-16 09:44:59;
3760dc3d-15ac-4ae2-8c8a-665b76eae482;ce2260c9-e797-4aee-a639-d2e82eb023a7;17:20:00;saida;;2025-01-16 17:20:22;2025-01-16 17:20:22;
37a48848-9444-4f0e-a6cd-727cb0ebab80;8571d047-38fa-4f73-91a8-08fcf2d1f04e;18:16:00;saida;;2025-04-11 18:36:04;2025-04-15 08:21:34;
37e0889c-76be-4979-955d-66b91f0e9e4b;6f7350cc-8ea7-444c-b07f-b8a1a279efb8;08:00:00;entrada;;2025-02-28 08:02:00;2025-02-28 08:02:19;
37e0f0f2-fa44-4170-b6c8-ddf5d574b922;cee573d5-b41e-4024-a98c-3cdd6e400b5a;12:24:00;almoco_saida;;2025-05-13 12:24:22;2025-05-13 12:24:22;
392d8b12-4da2-4193-a9ca-f7562f6524ab;5401bff5-3ec9-4e50-b862-7c72f254a68e;08:00:00;entrada;;2025-06-25 08:00:40;2025-06-25 13:28:22;
3982b2e8-94e1-41ec-8d66-60884d2e77e8;9aba1436-52ad-4ab3-a352-4873a1b6f4fd;13:05:00;almoco_saida;;2025-01-08 13:05:13;2025-01-08 13:05:13;
398c533b-4644-494f-8297-8b385c1c0fd6;015eb923-628f-49db-bf93-5f9d8bdbd622;13:19:00;almoco_saida;;2025-02-19 13:19:37;2025-02-19 13:19:37;
3a1f9ffa-a51a-48a9-a05c-747e72f0ee8e;92c9118b-3c0c-40a7-a01a-3cdd1628b019;13:41:00;almoco_saida;;2025-07-23 13:41:48;2025-07-23 13:41:48;
3a4e7b53-10be-4373-a138-10a3e986fa4d;c6bf8441-9bdf-4817-996d-eb2e2eaa791c;16:51:00;saida;;2025-04-04 08:02:35;2025-04-04 08:02:35;
3a5785c6-bfa5-4345-a27a-f1a48560e164;4d05528a-4ad3-45a6-96fa-78148d219873;17:00:00;saida;;2024-12-16 09:44:59;2024-12-16 09:44:59;
3a7d797e-ba51-4f42-a97d-6da7378baff2;4f7eb41e-767b-4eff-bda6-3a6faadfea7c;17:11:00;saida;;2025-04-22 17:11:17;2025-04-22 17:11:17;
3aaaa797-10ca-4572-b26d-17900f99f898;6f116418-a272-4b72-b609-22c348975597;14:06:00;almoco_retorno;;2025-02-04 14:06:18;2025-02-04 14:06:18;
3ab02cf4-ef5c-4803-a134-a92b049c4f87;0a8c831e-2790-4de2-8aa7-3d97920ca851;14:46:00;almoco_retorno;;2024-12-19 14:46:04;2024-12-19 14:46:04;
3ad2f2cb-1efa-441f-b5dc-a93d807d0cc3;fda8c488-7358-4cdf-b2ed-66a615eb98f8;13:20:00;almoco_saida;;2025-02-20 17:10:27;2025-02-20 17:10:27;
3ad70dd1-5922-409e-94ab-9a5347653894;0869f11a-e916-43bf-98d5-c0edde5d5217;13:38:00;almoco_retorno;;2025-09-09 16:39:56;2025-09-09 16:43:48;
3b543ad0-bc5b-4992-907e-08b8dc7364d5;ddd63100-b5d1-4bae-98f1-f821e875b54d;08:06:00;entrada;;2024-12-16 09:44:59;2024-12-16 09:44:59;
3ba3b570-63c3-4a01-8833-9211a9e52382;08c22822-2d4c-4233-b388-b9db7e95096a;14:37:00;almoco_retorno;;2025-01-23 14:37:02;2025-01-23 14:37:02;
3c22530c-36d3-4d88-8a28-5b70a7742763;f0462c76-aa46-4670-845c-71da55e03046;12:42:00;almoco_saida;;2024-12-16 09:44:59;2024-12-16 09:44:59;
3ccc4a13-b186-4be6-8b86-7f058267c53c;348f17b8-83b1-422b-8d03-573d475236e7;17:02:00;saida;;2025-06-24 17:02:51;2025-06-24 17:02:51;
3d014fc7-a74b-4fbc-9ba2-5af7b0016b80;28e41738-5608-4e3b-966b-3b6fea389895;15:53:00;almoco_retorno;Almoço mais tarde em virtude da troca do dia de terapia;2024-12-16 09:44:59;2024-12-16 09:44:59;
3d1dafe3-7b9c-47f7-ac45-65ab90d425aa;3bb176b4-74c0-4852-9d9d-6b1adada22d9;08:08:00;entrada;;2025-04-08 08:08:29;2025-05-14 15:38:34;
3dab18a1-5597-44c8-8ac6-d2d3cc78a244;572327e5-c0f1-49a8-870e-92811b25c286;12:55:00;almoco_saida;;2025-05-07 12:55:50;2025-05-07 12:55:50;
3deffa11-ee1f-46d3-a1f3-1aaa99352154;45e87d5d-2b19-4b09-9ddf-e07eb9e980df;12:48:00;almoco_saida;;2025-04-28 12:48:40;2025-04-28 12:48:40;
3e05fda0-7fe2-4c26-ac77-d34c1c1165a4;51ffb91e-4e97-46be-b0a4-a224c838fc0a;08:29:00;entrada;;2025-02-11 10:34:23;2025-02-11 10:34:23;
3e6acfbf-f8ea-4e69-a19f-793f02eea947;15cb0ae6-20ce-4d0f-94d9-371742066e76;13:12:00;almoco_saida;;2024-12-30 13:12:13;2024-12-30 13:12:13;
3ed01d9a-4308-4494-bcdf-cc1f494a02fb;0e6dec61-7f24-49c8-b65b-1ba7bc692277;13:31:00;almoco_retorno;;2024-12-16 09:44:59;2024-12-16 09:44:59;
3ed85304-4bd9-4b9a-b8a3-b551e648eedb;a106b21d-3241-4d70-bd4c-44738bb8ab6d;12:15:00;almoco_saida;;2025-07-08 12:14:34;2025-07-08 12:15:22;
3edbd9c0-ca50-438b-b736-442098a5b151;92ed7635-76ba-4c2a-b247-bc9780e27009;08:03:00;entrada;;2025-06-06 08:03:49;2025-06-06 08:04:32;
3eeefbc0-45aa-43a1-8dcb-8f3bd2032ba8;2ff3baae-664c-4bdd-8115-04e229dde021;13:11:00;almoco_saida;;2024-12-16 13:11:24;2024-12-16 13:11:24;
3efb00fb-0ff1-460d-acef-7acf522e01a7;b2111801-5302-493f-a4cd-522128fc79f9;13:11:00;almoco_retorno;;2025-10-27 19:13:52;2025-10-27 19:13:52;
3f06f2d7-6963-4af2-8346-95eecb5c0879;78072523-8eea-422b-92a5-274c12247c68;08:06:00;entrada;;2025-03-14 08:06:28;2025-03-14 17:20:22;
3f92aed7-1d1b-46f9-b7be-3781a88c620a;0fd3fdfa-1238-4a18-b399-2a547ac88d20;17:02:00;saida;;2025-02-17 17:02:31;2025-02-17 17:02:31;
3fe6204f-8933-4d15-ae88-25cf6c318340;799a8ac7-5e62-448f-ad75-a13ce1d73840;17:05:00;saida;;2025-02-21 17:05:04;2025-02-21 17:05:04;
40193ca2-5c88-4dfb-a05c-b57be35778a0;d59c1b2e-c410-45cd-b8ca-d34336d6a508;08:05:00;entrada;;2024-12-16 09:44:59;2024-12-16 09:44:59;
402d6a3e-3675-4598-9264-7e045e36aaf2;cee573d5-b41e-4024-a98c-3cdd6e400b5a;13:27:00;almoco_retorno;;2025-05-13 13:27:43;2025-05-13 13:27:43;
407d7b64-54c9-46dc-802a-e181ff4e95c8;d72802c8-23d2-4acc-bd97-1e549818ed12;13:10:00;almoco_saida;;2025-08-26 14:03:45;2025-08-26 14:17:08;
407dd7c8-7ec8-46c3-b69a-2ceceadfa368;bcb51dd0-584c-4905-8ba6-d5929b1b3664;12:52:00;almoco_saida;;2025-11-04 15:52:18;2025-11-04 15:52:18;
40eb780a-3904-439f-aa5f-21a81feb5aef;aa616560-ad38-4b11-88f4-478eeabc5cf0;12:45:00;almoco_saida;;2024-12-16 09:44:59;2024-12-16 09:44:59;
41003fdf-22ee-42b1-8194-7d1e392d848d;71c8af7e-68d4-4552-8e5c-b53a370a320c;08:05:00;entrada;;2024-12-16 09:44:59;2024-12-16 09:44:59;
4100926c-70df-4eb5-bab1-c3ba382fecb4;8faedb0e-7adc-468e-97e5-d5fc807dae77;13:50:00;almoco_retorno;;2024-12-20 13:50:30;2024-12-20 13:50:30;
414e747b-2bcf-4647-9e90-36f95be43c36;621405e6-5e64-4e15-aa52-e1d3767c30e9;13:16:00;almoco_retorno;;2025-01-13 13:16:50;2025-01-13 13:16:50;
41abf567-c689-4f27-8e9c-fbbc9d325450;0bc04e89-990b-4c1b-8194-e7e855b0ae14;13:45:00;almoco_retorno;;2024-12-16 09:44:59;2024-12-16 09:44:59;
41d7b0d6-842e-4539-8055-f22e8fee4750;6a374e6a-14c0-44ee-bdef-0661542be1af;13:15:00;almoco_saida;;2024-12-16 09:44:59;2024-12-16 09:44:59;
424f26ab-de88-4a51-b82b-36a262b99363;95564710-b8c2-499a-b1e3-b66f2f46a18f;12:25:00;almoco_saida;;2025-03-24 13:29:44;2025-03-24 13:31:21;
432a920f-d2e8-4a19-9c2a-a720778467ee;2015f5c0-2384-4694-bd13-265748174e5f;17:32:00;saida;;2025-04-29 17:32:39;2025-04-29 17:32:39;
43402709-aea9-400d-a159-ba4cde3b6c66;eb2ef5ad-ff40-4d17-a9d1-fcf1447239cc;08:26:00;entrada;;2025-03-11 08:26:29;2025-03-11 12:31:37;
439adf21-272a-4275-98c4-f4502381a80b;598969c5-1466-4760-bf10-95a4e7ca1ed8;14:00:00;almoco_saida;;2025-07-09 17:01:01;2025-07-09 17:01:22;
43cad1de-731f-4c38-a3fb-c90511adeebc;bee63acf-c8ca-4490-bd20-3350231bd263;17:08:00;saida;;2024-12-16 09:44:59;2024-12-16 09:44:59;
44b0bc32-857d-4772-b354-238fcf278bac;2f49b98f-bc55-4cae-9d7f-c18ecda24acc;08:03:00;entrada;Falta de luz em casa, batimento de saida: 16:47;2024-12-16 09:44:59;2024-12-16 09:44:59;
452a6809-858b-4bcd-9e5c-9158ad32f02a;705de0c7-0e6a-4d90-ad74-b359a1100dc6;12:45:00;almoco_saida;;2025-08-12 12:45:00;2025-08-12 12:45:00;
453bf358-7db0-4436-8912-96348b4e56ac;e7d60c40-cad6-4eca-ba30-64fb6922c15f;14:31:00;almoco_retorno;;2025-02-12 14:27:30;2025-02-12 14:27:30;
45694cc0-126c-4983-b812-4b22d860e509;75b76b4b-6599-46eb-be01-9346a7c6462f;08:00:00;entrada;;2025-09-19 16:42:10;2025-09-19 17:46:06;
458a3633-437a-42e7-aa13-80649d38bf75;2015f5c0-2384-4694-bd13-265748174e5f;13:15:00;almoco_retorno;;2025-04-29 13:15:50;2025-04-29 13:15:50;
45ac8f1d-4487-4ee3-982c-6ad321c6467f;11dd190a-1d63-44ab-9aa1-6d0123a207bd;08:03:00;entrada;;2025-06-26 08:03:15;2025-07-03 08:02:16;
45febe23-a377-4f1b-b85a-cf48f366551c;fef8b594-8560-4a5f-88fe-4404a619d2eb;13:50:00;almoco_saida;;2025-09-12 16:49:31;2025-09-12 16:50:48;
46058abb-9b00-4597-84e2-3c8fec868aa7;60201c4d-30f2-4874-a5a9-4229f69d26f2;12:48:00;almoco_saida;;2025-06-18 12:48:12;2025-06-18 12:48:12;
4664af97-2491-4d8c-83f9-b565cc6701b1;ca4a4ffc-1682-4b0c-a47e-38ec543491ce;17:14:00;saida;;2025-07-07 17:14:25;2025-07-07 17:14:25;
46d9eabd-199c-4fb7-93a5-1827e62b5696;c9961968-1f57-4310-a496-e4b5a21c531e;17:26:00;saida;;2025-06-09 17:26:06;2025-06-09 17:26:06;
478696de-3120-49c7-bdb1-b60416744a32;474d3b37-c5e6-4a1f-96e2-c5fd4cf0e732;13:36:00;almoco_saida;;2024-12-16 09:44:59;2024-12-16 09:44:59;
47ef3018-b39c-41bb-8744-e11425953414;aa3a7a42-fa63-4cb5-8653-25c1b4b6083e;08:00:00;entrada;;2025-01-09 08:01:01;2025-01-09 08:01:01;
4861862b-86f3-4e0b-a683-ae568ec988eb;02619758-281f-4483-ad29-cb69781320b7;16:50:00;almoco_saida;;2025-03-05 16:50:35;2025-03-07 08:38:46;
48c703ff-b096-4940-a7d1-002c8937519c;974d3bca-b68d-4e95-a94f-edb5de72f03a;08:03:00;entrada;;2024-12-16 09:44:59;2024-12-16 09:44:59;
48cbac1c-cc62-4f3f-8730-89a41fdff22b;e4422d5a-e5ad-433e-b346-e4494569b674;12:52:00;almoco_saida;Resolvendo o problema do Bemol;2024-12-16 09:44:59;2024-12-16 09:44:59;
499707c3-fbf9-4bbd-80eb-395cf5519750;0d0e1fa3-8e4b-4e16-a90d-1a635c2681ae;14:42:00;almoco_retorno;Fiquei até mais tarde olhando o critério que desenquadrou no supplier;2024-12-16 09:44:59;2024-12-16 09:44:59;
49d1160a-2884-4bb5-9dcc-f9831b2384a2;338f2622-7327-4547-9893-939b65f3303e;17:01:00;saida;;2024-12-16 09:44:59;2024-12-16 09:44:59;
49df9d57-373d-43e3-b856-bd6e306ce676;bd679722-ab6b-47f3-a5af-56061ca55b7d;14:49:00;almoco_retorno;;2024-12-16 09:44:59;2024-12-16 09:44:59;
4a49e440-ac54-4303-bac0-d839a4057b38;ce2260c9-e797-4aee-a639-d2e82eb023a7;14:48:00;almoco_retorno;;2025-01-16 16:31:34;2025-01-16 16:31:34;
4a4b808e-76e1-4671-933a-76949ec1010c;c6d53e0c-c4ff-4d36-bedf-219cc2796f22;14:07:00;almoco_retorno;;2025-02-25 14:07:16;2025-02-25 14:07:16;
4acd8b55-74c7-4542-9f79-298e44708e2d;8cfaa7f6-23c5-48a4-80ef-17f447ff5740;18:02:00;saida;;2025-04-16 08:07:36;2025-04-16 08:07:36;
4afb5786-2e83-45fd-8a7e-61a005801dbb;99f6e97c-a3e8-4b89-b4dc-5798ab593f4b;17:06:00;saida;;;;
4b3efada-15cc-4c57-b614-8a0c326a51b5;b331b089-8533-4fd5-94db-afef66c58e23;17:19:00;saida;;2024-12-16 09:44:59;2024-12-16 09:44:59;
4b40f3d3-4c67-4579-97fe-6529e24dd41a;a4965711-b2d0-47af-9a3b-7b809a8f7182;17:14:00;saida;;2025-01-31 17:14:40;2025-01-31 17:14:40;
4b531b42-8159-4c6d-8e8e-a499b671d8ba;92c9118b-3c0c-40a7-a01a-3cdd1628b019;08:00:00;entrada;;2025-07-23 08:00:40;2025-08-20 15:28:46;
4b5d582a-5d7e-4b18-9963-a8d5969f21f6;b27cdea8-007c-4acb-99bb-d76005e12b0f;12:52:00;almoco_saida;;2025-03-28 12:52:34;2025-03-31 07:59:41;
4b8ef3ba-e2e9-4664-bc9f-43041ada5983;3a22ba9b-4116-4ce1-91db-62e19a2adbb8;18:08:00;saida;;2025-04-16 18:08:27;2025-04-16 18:08:27;
4b9d6809-97bc-4547-b3f8-4391990aa9c9;407a5253-fa9d-4543-9dc0-f176357cdc6c;11:59:00;almoco_saida;;2025-07-15 11:59:05;2025-07-15 11:59:05;
4ba4447c-3c0a-48c7-9980-6b5068fb0c50;a600d7ac-5738-4f97-986a-957d80490e83;17:32:00;saida;;2025-09-05 20:32:55;2025-09-05 20:32:55;
4ba70af8-21a7-466c-b454-b9b7b3575c09;da82d2b7-dfda-49e2-bf9a-621e0b203439;14:14:00;almoco_retorno;;2025-07-02 14:14:01;2025-07-02 14:14:01;
4bbbe8c5-3997-4940-9742-fcdf9219beed;e21f1558-5f74-4121-97f0-0d0746e5a3bc;17:31:00;saida;;2025-01-28 17:31:43;2025-01-28 17:31:43;
4bc63893-76ec-4461-b57a-02ba2e869221;8a06d18d-c4bc-41b6-8629-9449c0254b2a;12:45:00;almoco_saida;;2024-12-16 09:44:59;2024-12-16 09:44:59;
4c6f83f9-3bf3-4d51-abd0-98caec2a5f72;875b3d2f-095b-417d-8c5f-89704431c085;08:05:00;entrada;;2025-10-02 15:32:39;2025-10-02 17:57:48;
4c940d7a-50d7-4892-b668-88e0520d460e;b07a1baa-3c3f-4199-af6d-0a1cada95da4;08:11:00;entrada;;2025-09-16 11:11:14;2025-09-18 20:26:25;
4ca4ed5a-7eb7-4418-bd76-590944809ba4;5f13a311-90ee-43a6-b28a-ba0f47193ffa;12:13:00;almoco_saida;;2025-01-20 12:13:15;2025-01-20 12:13:15;
4cf36a1f-5369-4495-b1f8-79b213e4093c;14f93087-2953-40ad-96b0-218fd3518199;08:39:00;entrada;;2025-01-27 08:39:53;2025-01-27 08:39:53;
4e00f397-a303-4776-b545-90cb00cb499a;fc36c3bb-6041-429c-8d55-1169a5160632;13:48:00;almoco_retorno;;2025-02-05 13:49:05;2025-02-05 13:49:05;
4e0b9e02-ff3d-40c0-aeb6-184da52139c6;aa3a7a42-fa63-4cb5-8653-25c1b4b6083e;14:12:00;almoco_retorno;;2025-01-09 14:12:50;2025-01-09 14:12:50;
4e3decbe-b6c0-431e-b5cc-bfd3b6a2b2b1;eb2ef5ad-ff40-4d17-a9d1-fcf1447239cc;12:31:00;almoco_saida;;2025-03-11 12:31:29;2025-03-11 12:31:37;
4e4f111b-10fe-401c-867b-1b4e0e2dd556;d7404d24-8eb5-48cc-aeb6-fee0874556a0;12:08:00;almoco_saida;;2025-02-14 12:08:13;2025-02-14 12:08:13;
4e55ae15-b7bd-4a50-8836-be55f10aba76;553f392f-781b-40aa-8b5e-bc5a2f8eb31f;15:01:00;almoco_retorno;;2024-12-16 09:44:59;2024-12-16 09:44:59;
4ec8de22-fc35-4d89-ba55-0e7a02d5cacc;a5499319-e810-4023-a79d-56ffff0ee8a0;14:45:00;almoco_retorno;;2024-12-16 09:44:59;2024-12-16 09:44:59;
4ed967d3-49fb-4dab-985d-0190a6072a40;fdfa1d67-49e8-47b7-8323-8535c4af90be;13:48:00;almoco_retorno;;2025-09-01 16:48:29;2025-09-01 16:48:29;
4f8044ae-9ceb-4c35-b81a-f677c893a31a;2f49b98f-bc55-4cae-9d7f-c18ecda24acc;13:43:00;almoco_saida;Falta de luz em casa, batimento de saida: 16:47;2024-12-16 09:44:59;2024-12-16 09:44:59;
4f96db7e-d9d2-4dc8-96f1-c8674a5cd379;17b865f0-ab4c-4ed0-96a9-4c4750440b2d;08:03:00;entrada;;2025-02-03 08:03:04;2025-02-03 08:03:04;
502b7824-d1aa-4ac5-b819-342771de041f;3772d246-8605-4cc4-856d-e97728b1d750;14:31:00;almoco_retorno;;2025-05-15 14:31:51;2025-05-15 14:31:51;
507fea22-c90d-4421-b4fe-a4df4856ddfa;7ecdf9f3-d623-4155-804a-27004709b543;17:44:00;saida;;2024-12-16 09:44:59;2024-12-16 09:44:59;
50920b39-6260-4323-91cd-87beae259f48;e0385c16-99c8-4c02-bc18-5b9f853e8a27;15:06:00;almoco_retorno;;2024-12-23 15:06:06;2024-12-23 15:06:06;
50b37cc6-662e-4748-864a-cd6dc930b7e7;fbe1d51e-c73b-4d6b-9174-989b4316b1b5;14:10:00;almoco_retorno;;2025-08-21 14:11:23;2025-08-21 14:11:23;
51214fa3-781f-4d4a-b0ef-8268cf69635e;a128c6d6-6bb4-4f7a-9c1a-1f9299a518d7;17:02:00;saida;;2025-01-03 17:02:17;2025-01-03 17:02:17;
514459e9-4108-44b6-870b-9a52e418a44e;4a39d6c6-f693-4836-aaaa-c0589893ea97;13:50:00;almoco_retorno;;2025-02-13 13:49:42;2025-02-13 13:49:42;
517eef18-75ad-40f3-be00-ae4539d14f0f;00fdc1e0-d331-43f1-b703-f5900a87f162;13:45:00;almoco_retorno;;2025-05-09 15:30:55;2025-05-09 15:30:55;
5196d1f0-6bd1-4398-9a7c-fd9f3de350dd;49ddd497-cec2-4cc7-a28b-e3e094b5834d;17:07:00;saida;;2025-08-29 20:06:26;2025-08-29 20:07:49;
51ab4937-024d-4f49-992c-d1c7fb062756;77175792-c2b4-43e8-8695-6c587d255213;08:00:00;entrada;;2025-07-04 13:43:15;2025-07-04 13:43:23;
521d1b90-199b-41d2-bc53-4447d2967377;995059b6-ba19-4d20-9fdc-cf369c40e351;08:00:00;entrada;;2025-06-23 09:44:57;2025-06-23 17:00:18;
5248e38f-7a6d-49d8-8989-42602455482c;799a8ac7-5e62-448f-ad75-a13ce1d73840;08:02:00;entrada;;2025-02-21 13:36:33;2025-02-21 13:36:33;
526569f2-bd6c-495f-83fc-b06a3c246118;0f63ad3f-2c42-4a4b-bbd1-1b63f4543d2a;08:10:00;entrada;;2025-09-17 16:38:58;2025-09-17 17:39:31;
533e6e8e-c1f6-49df-9d27-f3c3eb1ab4dc;a4965711-b2d0-47af-9a3b-7b809a8f7182;08:12:00;entrada;;2025-01-31 08:12:54;2025-01-31 08:12:54;
536854f5-7ead-4b30-a4ac-87563bb7f380;e4422d5a-e5ad-433e-b346-e4494569b674;18:05:00;saida;Resolvendo o problema do Bemol;2024-12-16 09:44:59;2024-12-16 09:44:59;
53737660-db9f-4f97-bfd1-f8f51e7cead3;33db8a5b-78f9-45d4-afc2-f1e67c01bfe6;08:05:00;entrada;;2025-10-30 11:05:55;2025-10-30 11:05:55;
53ebcb89-a6fb-41e6-93a4-1ab8d785d2e4;56ff3237-5588-4883-bc60-120ab8d9f7ca;07:14:00;entrada;;2024-12-24 07:14:47;2024-12-24 07:14:47;
54ab7492-097b-46d8-8464-d55cb125b99b;061f9f17-1759-4931-a40d-ace7facbb271;17:12:00;saida;;2025-09-30 20:12:03;2025-09-30 20:12:03;
556e0848-bb3b-4cd4-a6af-80b406f9e796;00fdc1e0-d331-43f1-b703-f5900a87f162;08:03:00;entrada;;2025-05-09 08:03:47;2025-05-12 14:02:49;
557d13ee-48a3-4e0f-881d-6a112f946f67;595d80e0-7f17-4646-8d02-7b77248bbe40;15:23:00;almoco_retorno;;2025-02-27 15:23:43;2025-02-27 16:59:03;
559bb875-868f-4649-9708-30b72675250c;d35eb494-1a0c-40df-9c96-7f709a4d8d72;08:07:00;entrada;;2025-01-30 08:07:30;2025-01-30 08:07:30;
55c7379d-33dd-4f19-919d-476e51e1bf46;c1b065f8-78e7-40d6-aecf-e38389abfa2a;12:46:00;almoco_saida;;2024-12-16 09:44:59;2024-12-16 09:44:59;
5634e35e-d6a4-43f5-878c-ed6921cc86cf;0fb33152-8f5c-46b7-8473-d4dd100971a0;08:12:00;entrada;;2025-06-12 08:12:57;2025-06-12 13:39:46;
5673a04b-c060-4516-985f-7d7a98dbee92;ee782efe-3181-4c29-b6a4-9db247517560;12:38:00;almoco_saida;;2025-03-31 08:01:08;2025-03-31 08:01:08;
5691f467-dbe3-4589-bca4-e21eddb47772;d72802c8-23d2-4acc-bd97-1e549818ed12;17:17:00;saida;;2025-08-26 17:17:14;2025-08-26 17:17:14;
56af50f0-fd2a-4a70-ae7c-305f8d57b893;d67f6f2e-ea0a-4056-8d89-5920e99d2847;13:13:00;almoco_saida;;2025-06-10 13:12:50;2025-06-10 14:19:51;
56d229e8-b6fc-4c57-9875-988bbe6791d5;c22b00ff-f7d5-4b67-bbe7-642d648b89f1;08:00:00;entrada;;2025-03-21 08:06:05;2025-03-21 08:06:40;
56ff6491-fa51-4e74-9d0d-a5ff58e697da;1dddacbf-8976-4979-a1e7-1e12fbab2db1;13:41:00;almoco_saida;;2024-12-26 13:41:01;2024-12-26 13:41:01;
572bbcb9-a86f-4a20-bcde-00fce9984ef3;2ff3baae-664c-4bdd-8115-04e229dde021;17:44:00;saida;;2024-12-16 17:44:33;2024-12-16 17:44:33;
576f461a-34bc-4634-943a-e55312f3a032;da736edc-213f-444e-9d97-4a3cf6ae3c33;14:19:00;almoco_retorno;;2025-07-25 14:19:59;2025-07-25 14:19:59;
577ade23-fab1-4d9f-bdd4-9ebe265a3a1d;1db07ca9-6d1f-4a98-84b8-ffc0e0b56103;08:01:00;entrada;;2025-07-21 08:01:03;2025-07-21 10:37:27;
58988a59-b2ad-48d2-ac3d-a5bd449819ac;c2a29565-50f7-4883-9b41-ce9daed06851;12:49:00;almoco_saida;;2025-04-01 12:49:22;2025-04-01 12:49:22;
58bbeda8-31f6-4cea-b216-aa6040519371;f5bbd14f-e913-4c61-bef8-a6da7f0397eb;17:10:00;saida;;2024-12-16 09:44:59;2024-12-16 09:44:59;
58e9b321-7a09-44d6-bc33-0560f4df26c7;0e205d9f-2c81-4912-a538-8c61b1a78516;08:03:00;entrada;;2025-05-08 08:03:51;2025-05-08 17:13:07;
58eaa4b9-6b79-44d1-80c9-b5a83df3bfba;0116119e-c25f-4663-8ad7-904d4b6e640b;15:15:00;almoco_retorno;;2025-03-06 15:15:28;2025-03-06 15:15:28;
592094dd-ab5c-4ac1-9f77-383a0249e7ca;171e0d88-1879-41e0-8a9b-18772893a1e2;13:05:00;almoco_saida;;2025-06-17 13:05:33;2025-06-17 13:05:33;
59602db6-6b47-4ee9-9ab0-0506e1fdda69;f0462c76-aa46-4670-845c-71da55e03046;08:03:00;entrada;;2024-12-16 09:44:59;2024-12-16 09:44:59;
5961b53a-ec99-483e-bf38-fa1dd2bf568d;afd27c5d-4b17-4bc1-9890-72249713f400;13:37:00;almoco_retorno;;2025-03-07 13:37:27;2025-03-07 17:14:24;
59afe4da-82a6-4ff4-a665-6d60039ad4b5;60487dd6-c440-4446-a3b8-f03de4ecf516;08:05:00;entrada;;2025-09-15 11:03:02;2025-09-15 20:07:58;
59df019c-b2b7-438f-9571-b1302d8972f7;45d55538-6912-4e41-adee-885af86968f7;08:05:00;entrada;;2024-12-16 09:44:59;2024-12-16 09:44:59;
5a273169-7a0c-4079-8a96-9e4024bbbb29;1db07ca9-6d1f-4a98-84b8-ffc0e0b56103;12:32:00;almoco_saida;;2025-07-21 12:32:57;2025-07-21 12:32:57;
5a473e30-185a-47f0-b4df-42311dcc697c;c9961968-1f57-4310-a496-e4b5a21c531e;12:20:00;almoco_saida;;2025-06-09 12:20:30;2025-06-09 12:20:30;
5afa689d-187f-44f1-92ac-0e04967843aa;0e6dec61-7f24-49c8-b65b-1ba7bc692277;12:31:00;almoco_saida;;2024-12-16 09:44:59;2024-12-16 09:44:59;
5afab53a-4957-41a8-970c-32edf69e2596;ddd63100-b5d1-4bae-98f1-f821e875b54d;13:45:00;almoco_retorno;;2024-12-16 09:44:59;2024-12-16 09:44:59;
5b31a427-edc2-47a6-9128-1db9ad47c107;7bcb8c50-55ba-4495-a002-65a28828ccef;15:08:00;almoco_retorno;;2025-06-04 17:03:52;2025-06-04 17:03:52;
5bbec3d5-6288-434f-a393-53aa1c95b0e1;2112e2a9-4463-4b46-9d87-74b2fb50fae2;13:38:00;almoco_saida;;2025-04-24 13:38:21;2025-04-24 13:38:21;
5c40d55c-dae7-4465-8401-d30ac8d84524;a106b21d-3241-4d70-bd4c-44738bb8ab6d;17:13:00;saida;;2025-07-08 17:15:36;2025-08-20 15:23:37;
5c6be66c-5b8d-4df9-a37b-906e93354a57;15f57f6d-6a7d-4cff-bf4d-7528af6340ad;12:50:00;almoco_saida;;2025-07-18 12:50:00;2025-07-18 12:50:00;
5c849416-5de1-4144-9ed6-cf40151ad4a9;5f13a311-90ee-43a6-b28a-ba0f47193ffa;13:16:00;almoco_retorno;;2025-01-20 13:16:25;2025-01-20 13:16:25;
5cb4c328-f9a4-46be-968a-4b0054152b2e;71c8af7e-68d4-4552-8e5c-b53a370a320c;15:30:00;almoco_retorno;;2024-12-16 09:44:59;2024-12-16 09:44:59;
5cbaa39a-9829-40e8-9201-c06a646ae515;15521860-24de-465c-940a-6807d38e7e3f;17:19:00;saida;;2025-11-07 20:19:38;2025-11-07 20:19:38;
5cfe110e-d0d3-4613-8f1e-412c839cd89a;da08bf80-7393-4ea4-9656-e49604d06b50;12:46:00;almoco_saida;;2025-08-25 16:59:15;2025-08-25 17:01:20;
5d303e40-1a69-4814-83b2-6ab91ab51828;c9961968-1f57-4310-a496-e4b5a21c531e;08:01:00;entrada;;2025-06-09 08:01:27;2025-06-10 08:30:51;
5d96c544-1dd3-4137-8f0b-68d547710100;ceda816d-015d-4b3a-8abb-87d158405ebe;08:17:00;entrada;;2024-12-17 08:17:33;2024-12-17 08:17:33;
5dde7ed2-6857-4ca6-8222-a1f596075938;595d80e0-7f17-4646-8d02-7b77248bbe40;13:50:00;almoco_saida;;2025-02-27 13:50:15;2025-02-27 16:59:03;
5df7f883-bf6c-4682-8f87-beae74480db4;dbc68bfe-6745-4a27-937e-b304ea592fe1;12:00:00;almoco_saida;;2025-07-11 16:57:14;2025-07-11 16:57:14;
5e041ccc-12bb-4df8-8fe0-65372a359ee4;02ceb7e8-417c-4749-bca0-1f0811d09725;13:48:00;almoco_retorno;;2024-12-16 09:44:59;2024-12-16 09:44:59;
5e3d06c3-7a1f-46f9-8dc7-b17a25cdfd54;f0462c76-aa46-4670-845c-71da55e03046;17:23:00;saida;;2024-12-16 09:44:59;2024-12-16 09:44:59;
5e3decf1-a803-48ab-8b08-682e7ca93aab;ca2596f3-4636-4b82-868f-814336feb4e9;16:31:00;saida;;2025-04-07 08:00:00;2025-04-07 08:00:00;
5e91dbbd-03d9-4192-8c67-d66000791bd3;da82d2b7-dfda-49e2-bf9a-621e0b203439;13:14:00;almoco_saida;;2025-07-02 13:14:48;2025-07-02 13:14:48;
5ec366de-0a05-4867-a811-7003dea111f7;1dddacbf-8976-4979-a1e7-1e12fbab2db1;17:05:00;saida;;2024-12-26 17:05:23;2024-12-26 17:05:23;
5ee45384-9262-49b6-a78c-c6217ac091ce;77175792-c2b4-43e8-8695-6c587d255213;13:47:00;almoco_retorno;;2025-07-04 13:47:48;2025-07-04 13:47:48;
5f02f781-2c48-4748-9a72-24c20c34724a;619e0025-bd81-4390-8adc-0c382094aed1;08:06:00;entrada;;2025-08-13 08:05:01;2025-08-14 14:38:44;
5f8f750a-e702-44c8-aa0f-f073fa71d4dc;4d8fbe07-4fc3-4e56-b617-dd875dc8d8a9;08:02:00;entrada;;2024-12-16 09:44:59;2024-12-16 09:44:59;
5fc3b509-9578-49c5-a829-a6911b0bc000;8a06d18d-c4bc-41b6-8629-9449c0254b2a;08:03:00;entrada;;2024-12-16 09:44:59;2024-12-16 09:44:59;
5fdea8e8-dcd1-4c5f-837b-1caabef58229;6949f4bb-d6f3-4681-9278-a84bd49eb8aa;12:37:00;almoco_saida;;2025-04-14 12:37:35;2025-04-14 12:37:35;
60944a54-9851-41a1-8e90-abde81b64a43;fbe1d51e-c73b-4d6b-9174-989b4316b1b5;08:06:00;entrada;;2025-08-21 08:05:10;2025-08-27 17:51:50;
609f4168-242c-4350-b5f7-47edac426cb1;f7a5266c-72b2-40a8-9d5a-18e8d0f4617e;14:46:00;almoco_retorno;;2025-02-06 14:46:06;2025-02-06 14:46:06;
60c2cfc6-6db4-4927-902b-555cb9e7df09;eb2ef5ad-ff40-4d17-a9d1-fcf1447239cc;17:27:00;saida;;2025-03-11 17:27:19;2025-03-11 17:27:19;
60cc6657-7d45-447a-87d8-e8f5920434d3;8a06d18d-c4bc-41b6-8629-9449c0254b2a;13:50:00;almoco_retorno;;2024-12-16 09:44:59;2024-12-16 09:44:59;
60e3580e-d3a1-4bb0-8f38-8661bd996741;6a374e6a-14c0-44ee-bdef-0661542be1af;08:07:00;entrada;;2024-12-16 09:44:59;2024-12-16 09:44:59;
60f22b0e-7d43-4839-8101-654cf298f9fc;71c8af7e-68d4-4552-8e5c-b53a370a320c;13:40:00;almoco_saida;;2024-12-16 09:44:59;2024-12-16 09:44:59;
610da166-e1ff-4231-8755-de1e1af2397e;acb3c211-dc2f-4603-b0cc-7efa2564d6bb;12:36:00;almoco_saida;;2025-01-06 12:36:25;2025-01-06 12:36:25;
611e1ebc-9264-4b09-9783-fa3149ab1079;c04643b6-800e-46e4-bdfc-7cccff90f64c;17:00:00;saida;;2024-12-16 09:44:59;2024-12-16 09:44:59;
615dce22-efd1-46fb-9429-72bec4c80071;0bc04e89-990b-4c1b-8194-e7e855b0ae14;08:03:00;entrada;;2024-12-16 09:44:59;2024-12-16 09:44:59;
618e19d0-b66d-453a-8a26-e9bebdbdc87c;11dd190a-1d63-44ab-9aa1-6d0123a207bd;17:05:00;saida;;2025-06-30 08:09:25;2025-06-30 08:09:25;
61e09351-d6d7-49ba-95b7-8c749767f809;c6bf8441-9bdf-4817-996d-eb2e2eaa791c;08:06:00;entrada;;2025-04-04 08:02:35;2025-04-04 08:02:35;
6233f0a3-0247-4a67-874c-81382a326350;fef8b594-8560-4a5f-88fe-4404a619d2eb;08:01:00;entrada;;2025-09-12 11:01:36;2025-09-12 16:50:48;
624e882d-28e7-4c9a-af80-448fddc8cb69;5b4d422a-b9d0-4c0a-a35b-e50343ff0425;08:01:00;entrada;;2025-04-30 08:01:14;2025-04-30 14:01:51;
62774c80-3cd4-4e2e-abf2-66abdfd60f56;ec7bc9b4-431f-4d34-93b5-6ebc55b665b2;13:44:00;almoco_retorno;;2024-12-16 09:44:59;2024-12-16 09:44:59;
627d2a79-d94a-4844-af0f-f3e5a622e3ee;15f57f6d-6a7d-4cff-bf4d-7528af6340ad;08:06:00;entrada;;2025-07-18 12:49:56;2025-07-18 13:45:52;
628997ce-e5ed-4455-a9b0-be40e2298339;a5499319-e810-4023-a79d-56ffff0ee8a0;17:51:00;saida;;2024-12-16 09:44:59;2024-12-16 09:44:59;
62dd135c-7844-4a46-a2ac-2fccb8ce765a;cb1cad08-29c6-42f4-99a2-e2f0a1c8bc49;13:11:00;almoco_retorno;;2025-02-18 13:11:49;2025-02-18 13:11:49;
62dfa129-4116-4e5a-b9e2-86f574eea49d;62dfa129-4116-4e5a-b9e2-86f574eea49d;14:00:00;almoco_saida;;2025-03-19 15:51:53;2025-03-19 15:51:53;
63130284-95bc-4a49-97ed-1e96d7b63f1f;4a0cd8d9-fc31-46f9-b52d-eaa0cd4cdd38;13:35:00;almoco_saida;;2025-08-14 13:35:10;2025-08-14 13:35:10;
63bbbb6e-f599-4288-b583-8f42360fb70c;00fdc1e0-d331-43f1-b703-f5900a87f162;16:02:00;saida;;2025-05-09 16:02:51;2025-05-09 16:02:51;
63bed440-45ba-4aa3-b248-66fa8bc8150c;20812627-edec-4f8a-98f4-8525db7cde5c;12:47:00;almoco_saida;;2025-09-02 15:47:35;2025-09-02 15:47:35;
6448d2c6-370c-42b3-b62c-2b6b855d1792;180f4e9a-9df1-4b5b-af53-d19bd52f9856;13:47:00;almoco_saida;;2024-12-16 09:44:59;2024-12-16 09:44:59;
6459f889-7e0b-407b-ab2d-2e82b9e7f2ba;3f12d515-6358-45ec-976c-16b229b7e479;08:04:00;entrada;Fiquei até mais tarde acompanhando a operação fidc consignado publico xp, saida 19:00;2024-12-16 09:44:59;2024-12-16 09:44:59;
646bf25d-12d5-49c8-ba72-c088815f3e8a;f7a5266c-72b2-40a8-9d5a-18e8d0f4617e;17:18:00;saida;;2025-02-06 17:18:17;2025-02-06 17:18:17;
648ab20e-7b2d-4488-807a-bef21ea90c84;3ae1ab66-cc49-41c4-b83c-0f7b65551cb0;12:46:00;almoco_saida;;2025-11-12 15:45:43;2025-11-12 15:46:53;
64bcfbb1-18e9-4f7a-9adf-fe07368a4f63;dafce647-140c-4037-87f7-7242d15c25a6;13:13:00;almoco_retorno;;2025-05-06 13:13:27;2025-05-06 13:13:27;
656ee01f-39f5-4c07-b363-71b58a1fe963;6f7350cc-8ea7-444c-b07f-b8a1a279efb8;17:07:00;saida;;2025-02-28 17:07:03;2025-02-28 17:07:03;
657164c9-7ea9-4dbf-aff2-bc266ad31e50;3ae1ab66-cc49-41c4-b83c-0f7b65551cb0;08:54:00;entrada;;2025-11-12 15:45:41;2025-11-12 15:46:53;
658dce6b-93ae-4e8e-9950-ad22a57e9fd7;e73d57ed-e304-4079-9b9e-d4cd4db0c805;14:03:00;almoco_saida;;2024-12-16 09:44:59;2024-12-16 09:44:59;
65ff92f4-7718-4235-8ebb-0ad7a68ed8fc;53dff2b8-861b-495d-bd2e-f307254ab4c0;08:00:00;entrada;;2025-07-10 08:00:08;2025-07-11 10:36:42;
66ba1a43-37dd-498f-83ff-c3a0fad7d0a0;e4422d5a-e5ad-433e-b346-e4494569b674;08:01:00;entrada;Resolvendo o problema do Bemol;2024-12-16 09:44:59;2024-12-16 09:44:59;
66f137a1-baf6-4d43-a012-80a2a5668e5e;b2111801-5302-493f-a4cd-522128fc79f9;17:00:00;saida;;2025-10-27 19:13:52;2025-10-27 19:13:52;
67194a4e-70e7-4f2a-8ec5-c9358a02ea9f;171e0d88-1879-41e0-8a9b-18772893a1e2;08:15:00;entrada;;2025-06-17 08:22:33;2025-06-17 08:22:41;
673f53ba-b57d-4186-adb6-0ab8eeb7f5d8;a600d7ac-5738-4f97-986a-957d80490e83;12:09:00;almoco_saida;;2025-09-05 15:09:11;2025-09-05 15:09:11;
67490a57-f55a-4506-bac1-aecbbb041b1b;c22b00ff-f7d5-4b67-bbe7-642d648b89f1;17:23:00;saida;;2025-03-21 17:23:40;2025-03-21 17:23:40;
67580ea7-b6ee-4799-92b6-ed49aa0d12ad;e83b1690-8306-4eba-b8d8-56f92baa4121;13:44:00;almoco_retorno;;2025-03-19 13:44:39;2025-03-21 08:07:14;
6766a6d1-caed-4920-b6af-5c2f6156b3b3;e5d82646-2ee8-42c3-b297-9060b7598f98;14:07:00;almoco_saida;;2025-09-03 17:07:41;2025-09-03 17:07:41;
67dc5a8c-1de7-4ea1-8072-0ad9fd105c2c;9c045272-000b-4e86-bbca-8383363e9c71;08:02:00;entrada;;2024-12-18 08:02:17;2024-12-18 08:02:17;
68ea970b-1161-49ee-9c0d-d4c5957d6cf5;6f116418-a272-4b72-b609-22c348975597;08:01:00;entrada;;2025-02-04 08:01:42;2025-02-04 08:01:42;
690a5d1c-af25-4e54-b920-b9aa3592fcaf;94fe142f-2f75-4ca9-b481-9291a6fbcbb8;12:48:00;almoco_saida;b;2025-10-22 17:42:26;2025-10-22 17:42:26;
6917aa2d-76ce-41cb-8a80-a30fe32222a9;0116119e-c25f-4663-8ad7-904d4b6e640b;17:31:00;saida;;2025-03-06 17:31:33;2025-03-06 17:31:33;
6944b127-99e2-45c0-92d7-b48ebf3a7cc2;adfe5434-cdd2-4e08-a565-0f0e8fe24d9c;12:38:00;almoco_saida;;2025-01-24 12:38:03;2025-01-24 12:38:03;
6a08dd66-3658-47ff-8e33-a86612894150;b27cdea8-007c-4acb-99bb-d76005e12b0f;13:56:00;almoco_retorno;;2025-03-28 13:56:00;2025-03-31 07:59:41;
6a0ed1dc-0c6b-4fd8-9b4e-39a6aa0e2976;433b4707-6195-47be-894a-6ee09e3189ff;13:54:00;almoco_retorno;;2025-05-05 13:54:20;2025-05-05 13:54:20;
6a8c27cf-5f79-4a28-8490-db473793f062;fc36c3bb-6041-429c-8d55-1169a5160632;12:48:00;almoco_saida;;2025-02-05 12:48:52;2025-02-05 12:48:52;
6ab65c15-fbd4-40b4-9830-d7aa53159333;52872e75-de7b-45a3-8624-36e63e40ca9b;17:10:00;saida;;2025-11-10 20:10:36;2025-11-10 20:10:36;
6b1784fa-5a3f-44de-9a20-829d4f7ac9f8;33f0146c-1c75-4128-8b5b-019e6e33406b;14:37:00;almoco_retorno;;2024-12-16 09:44:59;2024-12-16 09:44:59;
6b661b19-c6a9-4cd2-9103-00625b013f13;e0ead4d9-ce44-4db1-b799-c42dd90adbc4;13:42:00;almoco_retorno;Fiquei até mais tarde em virtude do problema do critério de taxa mínima para o  MTINSS;2024-12-16 09:44:59;2024-12-16 09:44:59;
6b76a095-ccd8-41b8-b9c5-4eb3552592cd;0e205d9f-2c81-4912-a538-8c61b1a78516;14:46:00;almoco_retorno;;2025-05-08 17:13:07;2025-05-08 17:13:07;
6bf21c21-95ed-4406-a997-ee30b2241777;dbf7eb60-b694-4de0-b6dc-20df394d5448;08:08:00;entrada;;2025-06-13 08:08:07;2025-06-30 08:10:40;
6c340454-6ee6-4dce-9d04-0697d9070410;4d8fbe07-4fc3-4e56-b617-dd875dc8d8a9;13:46:00;almoco_retorno;;2024-12-16 09:44:59;2024-12-16 09:44:59;
6c9ab1c0-a3bf-45bb-b832-d990776a387d;4edfdc80-5fe8-44b8-aa92-7c3643d1e636;17:10:00;saida;;2025-06-25 13:43:35;2025-06-25 13:43:35;
6cda056d-d71e-4581-b6a0-2d4181c6c1e4;be61e450-cfa3-4161-9867-4d5f0e2ae42a;14:54:00;almoco_saida;;2025-02-10 14:54:03;2025-03-17 09:47:41;
6d3e73c9-0ae8-482e-bbd4-796c3fda6f85;734f1b83-e4bf-4f4e-bca4-f48e20f6b376;17:28:00;saida;;2025-01-15 17:28:56;2025-01-15 17:28:56;
6d6e4348-941f-4178-9571-a0cbaee7cac6;b929ad2e-7a4f-4183-91e7-b3bb3f328be8;17:13:00;saida;;2025-05-14 17:13:09;2025-05-14 17:13:09;
6da3edae-1c66-4a63-82bd-419aef306a7b;e7d60c40-cad6-4eca-ba30-64fb6922c15f;08:06:00;entrada;;2025-02-12 08:06:13;2025-02-12 08:06:13;
6dabd2fb-33d1-49fc-82e4-c46d626d1093;9c045272-000b-4e86-bbca-8383363e9c71;14:00:00;almoco_retorno;;2024-12-18 14:00:43;2024-12-18 14:00:43;
6db29762-fb96-4cf7-9563-5b0c7ec6a3aa;e828867a-b85e-4816-98d8-43f746551e48;13:17:00;almoco_retorno;;2025-03-12 13:16:40;2025-03-17 14:27:10;
6dc890c1-b9b8-4bbb-8d3f-f5c1e22524fb;875b3d2f-095b-417d-8c5f-89704431c085;14:43:00;almoco_retorno;;2025-10-02 17:57:35;2025-10-02 17:57:48;
6e05b8bb-96b8-4a34-9de2-45c165d2572f;1d5d25f1-3c89-440a-a83d-13130a53be20;13:39:00;almoco_saida;;2025-04-17 13:39:17;2025-04-17 13:39:17;
6e3834a6-5b19-45e7-8a8e-d494bf24136d;a9ba8145-7254-4b0a-8cb4-241536554806;13:03:00;almoco_saida;;2025-01-29 13:03:48;2025-01-29 13:03:48;
6e7722f6-4735-4dd7-85b9-18a1ffc42aa8;d7404d24-8eb5-48cc-aeb6-fee0874556a0;17:36:00;saida;;2025-02-14 17:36:45;2025-02-14 17:36:45;
6e8cdc49-ea71-486d-a102-0125dcdf5643;49ddd497-cec2-4cc7-a28b-e3e094b5834d;12:49:00;almoco_saida;;2025-08-29 15:48:53;2025-08-29 15:49:55;
6f0f0c5e-a4d3-4d04-90b6-62a2907c299f;bcb51dd0-584c-4905-8ba6-d5929b1b3664;08:15:00;entrada;;2025-11-04 11:14:00;2025-11-05 11:05:52;
6f296669-ae1a-492e-a51e-f31f77a4778e;8656fbc6-b268-4222-927c-5c43d4a7e15f;07:06:00;entrada;;2024-12-31 07:06:16;2024-12-31 07:06:16;
6f298985-ac6b-415d-b31f-8dc277c3367d;d67f6f2e-ea0a-4056-8d89-5920e99d2847;14:18:00;almoco_retorno;;2025-06-10 14:12:25;2025-06-10 14:19:51;
6f439457-ea97-40cc-bb00-84e1768e3f08;8cfaa7f6-23c5-48a4-80ef-17f447ff5740;13:21:00;almoco_retorno;;2025-04-15 16:00:40;2025-04-15 16:01:31;
6f95a817-4ba6-41a0-a380-98ee86c3aff3;6f116418-a272-4b72-b609-22c348975597;13:06:00;almoco_saida;;2025-02-04 13:06:11;2025-02-04 13:06:11;
7037766d-3943-4b58-a353-7a4e47e56fd6;974d3bca-b68d-4e95-a94f-edb5de72f03a;17:03:18;saida;;2024-12-16 09:44:59;2024-12-16 09:44:59;
7095ec36-67cc-4256-9388-cdc06ba7f64b;99f6e97c-a3e8-4b89-b4dc-5798ab593f4b;08:01:00;entrada;;2025-01-22 08:01:09;2025-01-22 08:01:09;
70a19638-8b83-4961-a221-db3271590aef;08c22822-2d4c-4233-b388-b9db7e95096a;17:05:00;saida;;2025-01-23 17:05:45;2025-01-23 17:05:45;
7143b3ba-ff7a-4f48-ae98-554ef8426b84;f8f3134b-ba0b-4ba9-86ad-5d06f6ee60e4;14:08:00;almoco_retorno;;2025-09-04 17:07:51;2025-09-04 17:08:37;
718b5afd-0788-4e58-b875-fb4c07f9a141;04997d07-69aa-4317-bbdb-c163f7efd800;08:00:00;entrada;;2025-05-19 07:59:53;2025-05-19 08:00:18;
719ff646-8b50-4ea3-8ff8-3eb5ce6ab2ba;60d5f868-8247-47b2-b06f-f6b020464bd8;13:47:00;almoco_saida;;2025-09-18 16:47:15;2025-09-18 16:47:15;
71b24e3b-a351-4e97-874e-25b0c5f4555f;705de0c7-0e6a-4d90-ad74-b359a1100dc6;13:49:00;almoco_retorno;;2025-08-12 13:49:25;2025-08-12 13:49:25;
72058169-cfc7-4ed9-b461-47e7150373cd;d59c1b2e-c410-45cd-b8ca-d34336d6a508;17:36:00;saida;;2024-12-16 09:44:59;2024-12-16 09:44:59;
722fedd4-fcb4-4809-8583-c14684bc8710;f77dd741-67b9-4899-81ac-05a188dbf060;17:06:00;saida;;2025-11-13 20:06:45;2025-11-13 20:06:45;
7288ee1b-0525-4557-879a-df80fd27f349;ecbb9ee6-2a7e-44ad-890a-62ab3d1b2d3b;13:58:00;almoco_retorno;;2025-07-14 17:05:18;2025-07-14 17:05:30;
729d3b62-2d8c-4973-9fe3-4be11415c9b3;3441074b-2d1e-4d5a-88f8-531129186bd8;12:46:00;almoco_saida;;2025-03-17 12:46:57;2025-03-17 14:27:24;
73483a74-b824-439a-b28c-ab08073e4af5;7e0ceaf3-e4f7-4a44-af61-6c056bbddeb2;14:45:00;almoco_retorno;;2025-03-20 14:45:50;2025-03-26 16:16:40;
735a2ef3-46a4-4591-8270-2804e3d6172d;15521860-24de-465c-940a-6807d38e7e3f;08:07:00;entrada;;2025-11-07 11:07:18;2025-11-07 11:07:18;
7397ca66-c412-4778-bb4a-22966e80f48c;015eb923-628f-49db-bf93-5f9d8bdbd622;14:21:00;almoco_retorno;;2025-02-19 14:22:02;2025-02-19 14:22:02;
73a35902-cb64-44eb-b441-d01bc8ddfce1;527fbea8-e151-48f5-a827-995a74c64906;17:05:00;saida;;2024-12-16 09:44:59;2024-12-16 09:44:59;
73c8d21f-6588-4608-9a31-75ec8bf092a4;338f2622-7327-4547-9893-939b65f3303e;13:00:00;almoco_saida;;2024-12-16 09:44:59;2024-12-16 09:44:59;
7457f570-3a70-450d-a6b2-808527adedd8;4d8fbe07-4fc3-4e56-b617-dd875dc8d8a9;17:00:00;saida;;2024-12-16 09:44:59;2024-12-16 09:44:59;
7478d6eb-2b8a-466e-b666-2808af20c672;7180f303-5711-4182-904b-60cd8a1bf2f6;13:43:00;almoco_retorno;;2025-01-17 13:43:50;2025-01-17 13:43:50;
74c27bb7-a9ed-4211-a006-0ae4fe560095;cb1cad08-29c6-42f4-99a2-e2f0a1c8bc49;12:10:00;almoco_saida;;2025-02-18 12:10:25;2025-02-18 12:10:25;
74c75c25-f621-4184-8973-f0b402b37cf1;338f2622-7327-4547-9893-939b65f3303e;08:05:00;entrada;;2024-12-16 09:44:59;2024-12-16 09:44:59;
75066b8b-e2ff-411e-81b7-21628f13b0a1;8cfaa7f6-23c5-48a4-80ef-17f447ff5740;08:03:00;entrada;;2025-04-15 12:15:26;2025-04-16 08:07:36;
750771f2-eb1b-46b9-babe-c6df917deba3;2015f5c0-2384-4694-bd13-265748174e5f;12:14:00;almoco_saida;;2025-04-29 12:14:59;2025-04-29 12:14:59;
75168a6d-4f03-43c0-9f7a-664af67593f4;a7a6d465-50e9-4a67-84eb-0c59a284626c;17:01:00;saida;;2025-07-16 17:01:46;2025-07-16 17:01:46;
753cc927-9322-4ef7-a1aa-82fb91901871;c6d53e0c-c4ff-4d36-bedf-219cc2796f22;08:04:00;entrada;;2025-02-25 08:04:16;2025-02-25 08:04:16;
7548a5eb-30b7-448d-bce5-b7a7f6ee9a14;39c7f326-7e45-491a-b62e-1717758ca84c;12:24:00;almoco_saida;;2025-04-09 13:15:03;2025-04-10 09:36:10;
75634625-1e50-4a99-a69a-6df33df8ad41;ff1f2bc2-f8b1-4751-b10f-a1a54c3b6ee6;14:46:00;almoco_retorno;;2025-08-28 17:46:19;2025-08-28 17:46:19;
75b079c5-f64e-4626-a1cb-813b393ec9c4;fda8c488-7358-4cdf-b2ed-66a615eb98f8;08:02:00;entrada;;2025-02-20 08:02:56;2025-02-20 08:02:56;
75e36af4-06d5-4fef-8b87-a1e23d918e3c;3441074b-2d1e-4d5a-88f8-531129186bd8;08:13:00;entrada;;2025-03-17 08:31:00;2025-03-17 14:27:24;
75f4b8d0-c3b2-467b-a71d-2c3efab4bd0d;d7a116c0-1c19-481f-b992-a096cbe15f0d;17:10:00;saida;;2025-08-20 17:10:27;2025-08-20 17:10:27;
75f99599-5c00-48e9-8696-344d9a2e8c38;02619758-281f-4483-ad29-cb69781320b7;13:41:00;entrada;;2025-03-05 13:41:12;2025-03-07 08:38:46;
75fe5e37-bd5b-4e1a-9e2e-6cc189d121be;f5510c22-f3a5-4da3-aa02-fda5eace82b7;08:17:00;entrada;;2024-12-16 09:44:59;2024-12-16 09:44:59;
76381443-4ff3-44be-8dc0-e91f96e80274;d7a116c0-1c19-481f-b992-a096cbe15f0d;08:10:00;entrada;;2025-08-20 09:44:36;2025-08-20 15:05:09;
769342de-fc92-4e0e-bcb3-e4abb08f0045;38b987ae-dd06-4666-b566-886868ce18b0;12:16:00;almoco_saida;;2025-02-26 12:16:38;2025-02-26 15:03:25;
777cc5c7-e463-4445-b371-6bcb029f0539;bcb51dd0-584c-4905-8ba6-d5929b1b3664;17:01:00;saida;;2025-11-04 20:01:41;2025-11-04 20:01:41;
779b0018-f99d-4866-83d8-64d60a30fb0d;fbe1d51e-c73b-4d6b-9174-989b4316b1b5;13:05:00;almoco_saida;;2025-08-21 14:10:46;2025-08-21 14:11:23;
77c55ac4-e628-47e8-967d-8320b9255f3a;527fbea8-e151-48f5-a827-995a74c64906;14:45:00;almoco_retorno;;2024-12-16 09:44:59;2024-12-16 09:44:59;
77e0ffba-6224-47d2-8f80-062cfcff760c;09a28a4a-51f8-4037-b4a7-51a4782bed0a;08:05:00;entrada;;2025-09-26 12:52:37;2025-09-26 20:12:09;
77f51bee-4829-4631-8909-eb7eea19a1c4;cb1cad08-29c6-42f4-99a2-e2f0a1c8bc49;08:14:00;entrada;;2025-02-18 08:14:18;2025-02-18 08:14:18;
7823981a-072e-445e-986d-21ae11c3048d;3f12d515-6358-45ec-976c-16b229b7e479;19:00:00;saida;Fiquei até mais tarde acompanhando a operação fidc consignado publico xp, saida 19:00;2024-12-16 09:44:59;2024-12-16 09:44:59;
786c2ef6-9653-42be-924d-46ff0d49db3f;30a8d93a-2e89-44db-9e58-442261e996c8;13:33:00;almoco_retorno;;2025-01-10 14:34:09;2025-01-10 14:34:09;
78c875c7-8b01-4a0d-8057-d24ef1550e5f;dbf7eb60-b694-4de0-b6dc-20df394d5448;13:31:00;almoco_saida;;2025-06-13 13:31:44;2025-06-13 13:31:44;
78ee0519-19d2-4c3c-b957-9b47e0cebf04;793b8e05-f0d0-4971-aaac-5357aed6b229;17:00:00;saida;;2025-05-12 17:00:23;2025-05-12 17:00:23;
79461281-e4a8-4257-8f40-3645e4672a2b;77175792-c2b4-43e8-8695-6c587d255213;17:05:00;saida;;2025-07-04 17:05:18;2025-07-04 17:05:18;
79610405-b336-414b-98d2-695744778727;c5d07841-1ff3-4741-9173-358beff2425a;08:06:00;entrada;;2025-03-27 08:06:16;2025-03-27 08:06:16;
79b3f1c8-5dc1-4275-b8b4-91f9cf62dfee;26b2b071-ec53-4a2d-bbf2-4c43489c544b;08:06:00;entrada;;2024-12-16 09:44:59;2024-12-16 09:44:59;
7a0dfd46-6635-4773-87a4-d482c911ccbe;8a2c36a1-b967-4952-8d12-2b9874e4830b;08:05:00;entrada;;2025-02-24 08:05:35;2025-02-24 08:05:35;
7a2c49dd-edc2-410b-bf87-e50975312571;04997d07-69aa-4317-bbdb-c163f7efd800;13:10:00;almoco_saida;;2025-05-19 13:10:30;2025-05-19 13:10:30;
7a446541-42f3-4aa5-b622-09d30b0cc182;f0462c76-aa46-4670-845c-71da55e03046;13:50:00;almoco_retorno;;2024-12-16 09:44:59;2024-12-16 09:44:59;
7a5ebf57-db9c-4bc0-895a-6a3561213918;bee63acf-c8ca-4490-bd20-3350231bd263;08:09:00;entrada;;2024-12-16 09:44:59;2024-12-16 09:44:59;
7a9e00f9-b23e-4eab-ad7a-f4dab415d7c1;8a06d18d-c4bc-41b6-8629-9449c0254b2a;16:46:00;saida;;2024-12-16 09:44:59;2024-12-16 09:44:59;
7ad7e1bf-c5d9-4c90-846c-e80754354cff;8656fbc6-b268-4222-927c-5c43d4a7e15f;12:02:00;saida;;2024-12-31 12:02:03;2024-12-31 12:02:03;
7ada51e5-c766-4859-943b-3414da04a50a;348f17b8-83b1-422b-8d03-573d475236e7;12:48:00;almoco_saida;;2025-06-24 12:48:34;2025-06-24 12:48:34;
7b1c94a1-fdf3-4f7f-9ac5-30d3a914cf78;29f304ff-a795-436c-8862-1298158fd503;17:03:00;saida;;2025-09-08 20:03:15;2025-09-08 20:03:15;
7b8cf39d-4a23-4d03-864d-e42cc9e06091;11dd190a-1d63-44ab-9aa1-6d0123a207bd;15:04:00;almoco_retorno;;2025-06-30 08:09:25;2025-06-30 08:09:25;
7bf5866b-e882-4fc7-97e9-be4fb411ee8e;d9aa0b27-bd9c-405e-a0e8-b746fe021e66;17:58:00;saida;;2025-08-27 20:58:59;2025-08-27 20:58:59;
7ca98941-7c27-4b84-82bb-d051c37dc276;c1b065f8-78e7-40d6-aecf-e38389abfa2a;08:06:00;entrada;;2024-12-16 09:44:59;2024-12-16 09:44:59;
7cbce9e2-b1d8-4ab3-8000-41b5bca45f20;7bcb8c50-55ba-4495-a002-65a28828ccef;14:07:00;almoco_saida;;2025-06-04 17:03:31;2025-06-04 17:03:52;
7d74ab82-10c7-4848-bf57-82c62ddefe13;28e41738-5608-4e3b-966b-3b6fea389895;17:03:00;saida;Almoço mais tarde em virtude da troca do dia de terapia;2024-12-16 09:44:59;2024-12-16 09:44:59;
7dbf5f14-1eb9-4c6e-b85a-20b12f09cd3e;275e4fdb-8338-4cda-af50-3c6131ecef99;14:19:00;almoco_retorno;;2025-10-20 17:19:36;2025-10-21 03:06:00;
7e77d420-9ab1-4db9-b5fe-1e562e60c623;a617bc4f-1e83-4924-8ec1-731e05d12c4f;17:00:00;saida;;2024-12-16 09:44:59;2024-12-16 09:44:59;
7f47324f-52ee-4df4-a32e-6d0971361944;0e6dec61-7f24-49c8-b65b-1ba7bc692277;08:05:00;entrada;;2024-12-16 09:44:59;2024-12-16 09:44:59;
7f54ab86-7c6d-40c6-b005-c47e726ffd48;9fb6b527-c99a-4cba-9289-82d5217d4dd0;08:01:00;entrada;;2025-03-13 08:01:08;2025-03-13 18:06:49;
7fbca447-36be-4dac-ac1c-eabe71ce7dc1;a4a7478c-1b33-4a33-be40-4a02e321d0fe;17:09:00;saida;;2025-08-15 17:05:08;2025-08-15 17:05:22;
7fdf2385-4430-4f4a-8bec-bd4c2165e237;ec7bc9b4-431f-4d34-93b5-6ebc55b665b2;17:01:00;saida;;2024-12-16 09:44:59;2024-12-16 09:44:59;
8043ff00-af79-4014-a3f3-936dd78af9ca;0c3d2bdd-9ad4-49cd-8809-15568b0bcac0;14:44:00;almoco_retorno;;2025-07-17 14:44:51;2025-07-17 14:44:51;
805b29ed-302f-4350-9820-284c03f4f623;3a22ba9b-4116-4ce1-91db-62e19a2adbb8;13:29:00;almoco_retorno;;2025-04-16 13:28:33;2025-04-16 13:29:38;
805b4a5d-4945-4547-9655-03846b97e99e;ecbb9ee6-2a7e-44ad-890a-62ab3d1b2d3b;12:58:00;almoco_saida;;2025-07-14 12:57:56;2025-07-14 17:05:30;
807c8dce-dae3-46a7-a13c-534b8bb57569;4f7eb41e-767b-4eff-bda6-3a6faadfea7c;12:17:00;almoco_saida;;2025-04-22 12:16:45;2025-04-22 12:17:38;
80bf2e6e-e720-4cb6-885d-ba16073f4879;3b0426a8-9acf-455b-807a-3edd53b8cb80;08:14:00;entrada;;2024-12-16 09:44:59;2024-12-16 09:44:59;
814b5969-3726-4795-bc46-5e460835e71c;23cb46e1-52ec-46fb-88a0-c2e8f5d93e90;14:15:00;almoco_retorno;;2025-08-19 17:40:15;2025-08-19 17:40:25;
81f5634c-bf26-49c6-b843-ca6cbe4035d3;da08bf80-7393-4ea4-9656-e49604d06b50;13:48:00;almoco_retorno;;2025-08-25 16:59:17;2025-08-25 17:01:50;
827d5d18-f6d4-4a8e-a1b0-56861b3df390;f7a5266c-72b2-40a8-9d5a-18e8d0f4617e;08:11:00;entrada;;2025-02-06 08:11:52;2025-02-06 08:11:52;
82ba7280-bd10-44d0-85a7-676bf5c77b31;da736edc-213f-444e-9d97-4a3cf6ae3c33;13:18:00;almoco_saida;;2025-07-25 13:18:05;2025-07-25 13:18:05;
837b6273-b248-44a9-ab1f-90ef77e3fee2;52872e75-de7b-45a3-8624-36e63e40ca9b;13:46:00;almoco_retorno;;2025-11-10 16:46:35;2025-11-10 16:46:35;
8381c484-6bd2-4a75-ab70-c7c953726aa7;534902e1-88d1-41cc-aaa4-20f9851d3a7a;13:45:00;almoco_retorno;;2025-10-28 16:45:53;2025-10-28 16:45:53;
83a14d98-33cb-4c62-b363-ae6ba683b840;9d2df846-a4ec-4b27-9286-3b2037f35ab8;08:01:00;entrada;;2025-01-07 08:01:30;2025-01-07 08:01:30;
83d445ac-e99e-45cf-9a5d-a067995ba0d4;598969c5-1466-4760-bf10-95a4e7ca1ed8;15:02:00;almoco_retorno;;2025-07-09 17:01:22;2025-08-20 15:27:27;
84014023-1256-4c92-b813-cf3f03ac81d3;20812627-edec-4f8a-98f4-8525db7cde5c;08:05:00;entrada;;2025-09-02 11:05:18;2025-09-02 11:05:18;
8421f0b4-29c5-4c05-b60f-4c67512a8998;ec7bc9b4-431f-4d34-93b5-6ebc55b665b2;08:04:00;entrada;;2024-12-16 09:44:59;2024-12-16 09:44:59;
84323c0d-227a-4adb-843a-c38676adcb26;7e0ceaf3-e4f7-4a44-af61-6c056bbddeb2;08:02:00;entrada;;2025-03-20 08:02:30;2025-03-26 16:16:40;
843c91b0-f279-4e45-bd1b-32d9db30010f;15f57f6d-6a7d-4cff-bf4d-7528af6340ad;13:50:00;almoco_retorno;;2025-07-18 13:45:27;2025-07-18 13:45:52;
84b98b3f-1d14-4fa2-8e56-473a4d519713;793b8e05-f0d0-4971-aaac-5357aed6b229;08:03:00;entrada;;2025-05-12 08:03:31;2025-05-12 08:03:31;
8517ac5b-f4a2-4830-8028-b3094dcef1bc;3bb176b4-74c0-4852-9d9d-6b1adada22d9;13:06:00;almoco_retorno;;2025-04-08 08:08:29;2025-05-14 15:38:34;
851bd09b-db2b-40f9-a586-30777dd01009;e83b1690-8306-4eba-b8d8-56f92baa4121;17:47:00;saida;;2025-03-19 17:47:59;2025-03-19 17:47:59;
8564046a-db17-4461-a1ac-3a0046343bdd;8a2c36a1-b967-4952-8d12-2b9874e4830b;13:00:00;almoco_saida;;2025-02-24 13:00:12;2025-02-24 13:00:12;
86f5840b-b134-4198-9992-173769556db3;0869f11a-e916-43bf-98d5-c0edde5d5217;08:04:00;entrada;;2025-09-09 11:04:56;2025-09-09 16:43:48;
87d61bd7-d93b-45ef-8e59-77e9e854fdbc;33db8a5b-78f9-45d4-afc2-f1e67c01bfe6;13:26:00;almoco_saida;;2025-10-30 16:26:36;2025-10-30 16:26:36;
87e72822-90e3-493d-b76d-6bb486ef44c7;6f7350cc-8ea7-444c-b07f-b8a1a279efb8;14:55:00;almoco_retorno;;2025-02-28 14:55:59;2025-02-28 14:55:59;
88143bf0-ca8e-4e3e-aa4c-8dbe5525bfd2;60d5f868-8247-47b2-b06f-f6b020464bd8;08:03:00;entrada;;2025-09-18 11:03:45;2025-09-18 21:03:52;
883bc99a-f3ce-4e72-9642-67482a3ae051;f61ec506-4993-40d6-8926-d1639bd6341d;12:52:00;almoco_saida;;2025-06-25 13:42:43;2025-06-25 13:42:43;
8878c7ca-d234-4bfd-94c5-49319d4d45a1;4edfdc80-5fe8-44b8-aa92-7c3643d1e636;13:41:00;almoco_retorno;;2025-06-20 13:41:02;2025-06-20 13:41:02;
88811e66-35cb-4cd4-a573-c94550597a2e;92ed7635-76ba-4c2a-b247-bc9780e27009;17:06:00;saida;;2025-06-06 17:06:37;2025-06-06 17:06:37;
895c0718-1946-4331-8110-1ab95af7163d;7bcb8c50-55ba-4495-a002-65a28828ccef;17:03:00;saida;;2025-06-04 17:03:56;2025-06-04 17:03:56;
897de6b5-499d-41a5-9f03-c4a243663e7f;0bdc78ff-f9e5-4e48-a239-bcb5af4be6ba;17:16:00;saida;;2025-11-14 20:16:54;2025-11-14 20:16:54;
898e8f0b-7d3f-444b-b2fb-e3f626edcb54;7180f303-5711-4182-904b-60cd8a1bf2f6;08:04:00;entrada;;2025-01-17 08:04:55;2025-01-17 08:04:55;
8abf859a-c571-4d5f-bfdb-e6b319e343a4;19866254-7f5a-4121-8ab1-e917687382e9;17:09:00;saida;;2025-03-10 17:09:50;2025-03-10 17:09:50;
8b228cec-dcf6-4d8a-a1a5-e7e63f372ec3;02ceb7e8-417c-4749-bca0-1f0811d09725;17:05:00;saida;;2024-12-16 09:44:59;2024-12-16 09:44:59;
8b518478-07f2-45be-8a72-0124a8854dc3;4f7eb41e-767b-4eff-bda6-3a6faadfea7c;13:19:00;almoco_retorno;;2025-04-22 16:13:48;2025-04-22 16:13:48;
8b9cbd8a-006a-4d3d-aa03-0b3b947a9b44;974d3bca-b68d-4e95-a94f-edb5de72f03a;13:47:00;almoco_retorno;;2024-12-16 09:44:59;2024-12-16 09:44:59;
8bd95e06-e07a-4709-9c81-eea747fe1548;849f8e78-3088-48c4-8903-2c86b8ad1821;12:07:00;almoco_retorno;;2025-10-31 15:07:53;2025-10-31 15:07:53;
8bfb456f-9759-48d2-a030-b56fc7ff379a;0f63ad3f-2c42-4a4b-bbd1-1b63f4543d2a;14:39:00;almoco_retorno;;2025-09-17 17:38:24;2025-09-17 17:39:31;
8c42655a-87fd-4187-8aa8-814e4ba828ce;aa3a7a42-fa63-4cb5-8653-25c1b4b6083e;17:08:00;saida;;2025-01-09 17:08:51;2025-01-09 17:08:51;
8c5d04dc-04c4-4c40-8a6f-577b0d2d2198;59762ef0-f868-437e-b997-744fe227aa97;08:06:00;entrada;;2025-10-15 11:13:28;2025-10-15 11:13:41;
8c69698f-ff7e-47a7-9109-dd4bd87ae534;598969c5-1466-4760-bf10-95a4e7ca1ed8;17:01:00;saida;;2025-07-09 17:01:25;2025-07-09 17:01:25;
8cdb86a6-53a0-4904-9658-9309a07676b9;fdfa1d67-49e8-47b7-8323-8535c4af90be;12:48:00;almoco_saida;;2025-09-01 15:48:25;2025-09-01 15:48:25;
8ce8bc10-6686-4f13-9717-fb0d3857a28e;3bb176b4-74c0-4852-9d9d-6b1adada22d9;12:02:00;almoco_saida;;2025-04-08 12:02:38;2025-04-08 12:02:38;
8d03ee7a-0985-4649-a695-0bf4b6fa5d39;07c91d78-a158-4b49-882d-27596b2b4f3c;08:09:00;entrada;;2025-04-04 13:27:23;2025-04-04 13:27:23;
8d6cd54a-77fb-4dbf-9da8-148cdc6de3db;07c91d78-a158-4b49-882d-27596b2b4f3c;14:29:00;almoco_retorno;;2025-04-04 14:32:01;2025-04-04 14:32:29;
8d831f18-3f55-4e8c-a4a6-c8e477d70d24;92c9118b-3c0c-40a7-a01a-3cdd1628b019;14:45:00;almoco_retorno;;2025-07-23 14:41:31;2025-08-20 15:28:46;
8de6443c-20b8-40ec-bc1d-9d431efb4d74;45d55538-6912-4e41-adee-885af86968f7;13:43:00;almoco_saida;;2024-12-16 09:44:59;2024-12-16 09:44:59;
8e3265e4-875e-4fc6-b590-ed8ec6449fd5;92c9118b-3c0c-40a7-a01a-3cdd1628b019;17:07:00;saida;;2025-07-23 17:07:28;2025-07-23 17:07:28;
8e5c37cd-4921-4964-a5d2-e2d4b6479e31;e73d57ed-e304-4079-9b9e-d4cd4db0c805;15:28:00;almoco_retorno;;2024-12-16 09:44:59;2024-12-16 09:44:59;
8ec9707d-d31a-4068-8518-5feadeebff12;348f17b8-83b1-422b-8d03-573d475236e7;08:02:00;entrada;;2025-06-24 08:02:01;2025-06-24 08:02:01;
8ed99ffc-2df4-44af-a798-7b0aee9c3295;63cb20b6-4c86-43fe-bd9d-eb1d4947ca15;08:27:00;entrada;;2024-12-16 09:44:59;2024-12-16 09:44:59;
8f24254e-fe4b-4b62-a708-44facf0cdbb7;a617bc4f-1e83-4924-8ec1-731e05d12c4f;08:02:00;entrada;;2024-12-16 09:44:59;2024-12-16 09:44:59;
8f5e5c57-39b2-4c4a-8c76-cceef479d74a;ecbb9ee6-2a7e-44ad-890a-62ab3d1b2d3b;17:05:00;saida;;2025-07-14 17:05:45;2025-07-14 17:05:45;
8f8ef27a-598c-402b-882c-edd54466f6bf;33db8a5b-78f9-45d4-afc2-f1e67c01bfe6;08:05:00;entrada;;2025-10-30 11:04:59;2025-10-30 11:07:11;
8febdc6b-c765-4c88-a10a-3f97862256c5;3a2903fc-001a-46e8-9f32-bb8e0725dbd6;08:11:00;entrada;;2025-03-25 08:11:20;2025-03-25 08:11:20;
903e46f6-d8df-40b3-b624-30d732e51278;719fa541-fedb-4534-a70e-c59dc55f2c5b;17:07:00;saida;;2025-09-10 20:07:13;2025-09-10 20:07:13;
90e5cafc-16e0-4c65-a8fa-994d30ca91ee;ca4a4ffc-1682-4b0c-a47e-38ec543491ce;08:07:00;entrada;;2025-07-07 08:07:26;2025-07-11 10:36:58;
91190538-b8b7-478c-bac1-67c1b7a208f8;553f392f-781b-40aa-8b5e-bc5a2f8eb31f;17:04:00;saida;;2024-12-16 09:44:59;2024-12-16 09:44:59;
91a1942b-d14b-43b6-be24-969e0491dc39;ceda816d-015d-4b3a-8abb-87d158405ebe;12:22:00;almoco_saida;;2024-12-17 12:22:06;2024-12-17 12:22:06;
92072c41-2b01-4f5b-baff-98504d4b9e96;06277d56-71d7-4c5e-83f4-182a96aa576e;13:31:00;almoco_retorno;;2025-11-06 19:58:38;2025-11-06 19:58:38;
920a84da-5d00-49b0-9aa4-ae7326b0d6ad;d9aa0b27-bd9c-405e-a0e8-b746fe021e66;12:46:00;almoco_saida;;2025-08-27 15:46:55;2025-08-27 15:46:55;
925d98cd-ac39-4095-ae15-5dd20ff77402;17f9a863-8080-47d9-9251-f3cf4c957bac;17:02:00;saida;;2025-09-25 20:02:15;2025-09-25 20:02:15;
929476c4-e944-465e-9af5-81e514dec369;4a39d6c6-f693-4836-aaaa-c0589893ea97;17:05:00;saida;;2025-02-13 17:03:47;2025-02-13 17:03:47;
929f675b-5c4e-497d-a0c4-25b27ba1175b;061f9f17-1759-4931-a40d-ace7facbb271;14:58:00;almoco_retorno;;2025-09-30 17:58:05;2025-09-30 17:58:05;
93148d28-7c47-4a04-8787-a002500e37dc;29f304ff-a795-436c-8862-1298158fd503;14:00:00;almoco_retorno;;2025-09-08 17:00:30;2025-09-08 17:00:30;
94041c33-8bca-4adb-96c6-32828278ef6e;0fd3fdfa-1238-4a18-b399-2a547ac88d20;08:07:00;entrada;;2025-02-17 08:07:54;2025-02-17 08:07:54;
94663948-87b1-4302-920f-b66fb5ddfd58;17b865f0-ab4c-4ed0-96a9-4c4750440b2d;12:50:00;almoco_saida;;2025-02-03 12:50:39;2025-02-03 12:50:39;
94d8208c-e9bb-4cf9-beb8-1d6b7ed9c57a;f90a8bdc-30af-4684-90ef-aa3aa48a291b;08:05:00;entrada;;2025-07-11 10:36:22;2025-07-11 16:56:36;
94f88d06-2f55-499e-89f6-5d4526a8bc9d;6f116418-a272-4b72-b609-22c348975597;18:51:00;saida;;2025-02-04 14:06:18;2025-02-04 14:06:18;
951af5c5-550d-470a-8c62-7fa3c79b17f2;3f12d515-6358-45ec-976c-16b229b7e479;12:09:00;almoco_saida;Fiquei até mais tarde acompanhando a operação fidc consignado publico xp, saida 19:00;2024-12-16 09:44:59;2024-12-16 09:44:59;
95231da7-bec9-4aa2-9ca4-5ceb37be92c8;60d5f868-8247-47b2-b06f-f6b020464bd8;14:49:00;almoco_retorno;;2025-09-18 17:49:12;2025-09-18 17:49:12;
955897ef-d7a6-45d0-bec0-2e339b9155f3;e71c9893-6339-41ff-953f-ebc7d42c9933;12:42:00;almoco_saida;;2025-11-11 17:49:25;2025-11-11 17:49:36;
95811154-6dda-45c5-9dcf-cd00e07bef7a;9d2df846-a4ec-4b27-9286-3b2037f35ab8;12:06:00;almoco_saida;;2025-01-07 12:06:05;2025-01-07 12:06:05;
95b930c3-0bc6-4ffb-9419-7fc7d6df97da;6a374e6a-14c0-44ee-bdef-0661542be1af;14:16:00;almoco_retorno;;2024-12-16 09:44:59;2024-12-16 09:44:59;
95be2b30-02a6-44a6-8db2-8f440e37c342;acc75320-e652-4489-810d-d8965f58b22c;08:02:00;entrada;;2025-04-23 10:39:14;2025-04-23 10:41:06;
95ceac51-31f5-4cb1-8210-7943aeae785a;b331b089-8533-4fd5-94db-afef66c58e23;13:39:00;almoco_saida;;2024-12-16 09:44:59;2024-12-16 09:44:59;
95ed1d58-8385-4c75-a8e5-babd17295145;7f0174ac-3bed-4c83-82ab-e34931bbcf82;14:37:00;almoco_retorno;;2025-06-05 17:07:33;2025-06-05 17:07:33;
95ede969-442d-4648-973c-e2a26d8c4b15;17aa8bb1-f12a-4915-a311-fec33d748acc;12:00:00;almoco_saida;;2025-02-07 12:00:21;2025-02-07 12:00:21;
961bd667-f2a3-459c-aca2-5b2cfd2b7445;719fa541-fedb-4534-a70e-c59dc55f2c5b;12:50:00;almoco_saida;;2025-09-10 15:50:32;2025-09-10 15:50:32;
96422843-3b9e-4b51-9d91-3862e32766d9;c4acc736-54df-4c85-9387-67175347bc7c;08:18:00;entrada;;2025-01-21 08:18:49;2025-01-21 08:18:49;
9648b2af-4c19-4fff-80c8-5292eb247391;02ceb7e8-417c-4749-bca0-1f0811d09725;08:02:00;entrada;;2024-12-16 09:44:59;2024-12-16 09:44:59;
964d797a-651a-4615-86ae-73c0023e0ed4;52872e75-de7b-45a3-8624-36e63e40ca9b;08:10:00;entrada;;2025-11-10 11:10:19;2025-11-10 11:10:19;
9661bedc-14c4-4839-b788-1883ebc27a1e;2f0813e7-9dd2-4244-8400-1c73a7d955bf;14:45:00;almoco_retorno;;2024-12-16 09:44:59;2024-12-16 09:44:59;
96648cea-01fe-4ea6-bd30-9ec65edd7141;6949f4bb-d6f3-4681-9278-a84bd49eb8aa;08:07:00;entrada;;2025-04-14 08:07:41;2025-04-30 12:27:21;
9674b39a-92bc-4bcd-93dc-4fec8e9cda09;51ffb91e-4e97-46be-b0a4-a224c838fc0a;13:40:00;almoco_retorno;;2025-02-11 13:39:54;2025-02-11 13:39:54;
96e40ff3-6f62-43b6-babf-dcf93b90e38e;e0ead4d9-ce44-4db1-b799-c42dd90adbc4;18:00:00;saida;Fiquei até mais tarde em virtude do problema do critério de taxa mínima para o  MTINSS;2024-12-16 09:44:59;2024-12-16 09:44:59;
97f6461e-4097-469e-bdd2-6d152fdaf178;acc75320-e652-4489-810d-d8965f58b22c;15:23:00;almoco_retorno;;2025-04-23 15:23:35;2025-04-23 15:23:35;
989cf5b6-c693-45e2-82e8-5eb86e1842d7;6faa8800-dc74-44cf-8b52-a6d89af1004f;13:57:00;almoco_retorno;;2025-11-18 16:57:36;2025-11-18 16:57:36;
98f045c7-cdec-4f78-94eb-dc713591f449;17f9a863-8080-47d9-9251-f3cf4c957bac;14:00:00;almoco_saida;;2025-09-25 20:02:19;2025-09-25 20:02:31;
99462cb4-780b-4cbe-954e-a670a3b89a5b;33f0146c-1c75-4128-8b5b-019e6e33406b;08:02:00;entrada;;2024-12-16 09:44:59;2024-12-16 09:44:59;
9962c434-2082-41dd-9aff-1d8e2dcd104a;397f02c4-bf59-40f3-a8ad-4995eea5bab3;13:55:00;almoco_retorno;;2025-06-03 13:55:12;2025-06-03 13:55:12;
998e8bf5-7f2c-4a00-8d9d-87eba29a9d64;acb3c211-dc2f-4603-b0cc-7efa2564d6bb;08:01:00;entrada;;2025-01-06 08:01:12;2025-01-06 08:01:12;
99a9828b-60cf-466f-a6ec-9eeb8ba04458;9aba1436-52ad-4ab3-a352-4873a1b6f4fd;08:03:00;entrada;;2025-01-08 13:05:13;2025-01-08 13:05:13;
99b8af80-3e2d-43b2-9601-c44c0132de71;666385d6-8e60-4f20-98b2-bc0e77bb3ea1;14:06:00;almoco_retorno;;2025-11-17 17:05:19;2025-11-17 17:05:26;
99c615e4-41c3-48b9-a4e8-ca18374f7820;b7521fa9-c079-4ae0-96cb-fcbd7c0b6349;15:01:00;almoco_retorno;;2025-09-11 18:01:23;2025-09-11 18:01:23;
9a0d6cc6-f6a3-40fb-85fa-4e64378090ca;7f0174ac-3bed-4c83-82ab-e34931bbcf82;17:07:00;saida;;2025-06-05 17:07:37;2025-06-05 17:07:37;
9a502ffa-db47-4e8e-abf1-d3450deb7a00;8571d047-38fa-4f73-91a8-08fcf2d1f04e;12:50:00;almoco_saida;;2025-04-11 13:54:31;2025-04-11 13:54:50;
9a8064b3-c9ba-4cc2-becb-dd7327792e37;95564710-b8c2-499a-b1e3-b66f2f46a18f;17:12:00;saida;;2025-03-24 17:12:39;2025-03-24 17:12:39;
9a862eb9-50c8-4995-93fc-d8a0e10fbf69;0f63ad3f-2c42-4a4b-bbd1-1b63f4543d2a;18:09:00;saida;;2025-09-17 21:09:17;2025-09-17 21:09:17;
9a957e9e-96ac-4dcc-ba3d-5edb7f53bc27;864a43a3-aedb-49b0-8303-1c8b43288413;17:13:00;saida;;2025-10-13 20:13:35;2025-10-13 20:13:35;
9aced3f1-dece-4274-a07c-9c64792af3bd;48c5324d-6acc-417a-9ec8-7fda67219640;17:05:00;saida;;2025-07-03 17:05:38;2025-07-03 17:05:38;
9b45a900-c8d6-4432-8ac3-ce00b85e7425;0e6dec61-7f24-49c8-b65b-1ba7bc692277;17:02:00;saida;;2024-12-16 09:44:59;2024-12-16 09:44:59;
9b54eaae-a896-4273-8b69-b34d36583fa2;fe35db8e-39a3-4018-a8c4-f997c29a23df;13:44:00;almoco_retorno;;2025-05-02 13:43:38;2025-05-02 13:45:27;
9b7fb32b-e8d7-4eab-9c00-80007e5a29cb;3a8ddd11-f889-4b5d-94b4-7875cdfbf5a7;13:54:00;almoco_retorno;;2025-09-22 16:53:49;2025-09-22 16:55:17;
9b827459-eb6f-452b-81ec-3917fb08ee37;15cb0ae6-20ce-4d0f-94d9-371742066e76;14:14:00;almoco_retorno;;2024-12-30 14:14:10;2024-12-30 14:14:10;
9c349893-9484-4b87-98ec-1e6bb8d194f4;619e0025-bd81-4390-8adc-0c382094aed1;17:15:00;saida;;2025-08-13 17:15:25;2025-08-13 17:15:25;
9c4d8d61-ec72-410a-a4c0-b7cf305d3dda;33db8a5b-78f9-45d4-afc2-f1e67c01bfe6;14:29:00;almoco_retorno;;2025-10-30 17:29:21;2025-10-30 17:29:21;
9c635738-8d13-4a49-b04d-41ac4a51b0b7;a4965711-b2d0-47af-9a3b-7b809a8f7182;12:33:00;almoco_saida;;2025-01-31 12:33:26;2025-01-31 12:33:26;
9ca7ddf3-dc7f-4811-b7c6-ff5ec8986214;0bdc78ff-f9e5-4e48-a239-bcb5af4be6ba;12:40:00;almoco_saida;;2025-11-14 15:40:24;2025-11-14 15:40:24;
9cba1aa8-7d5d-4797-a3db-4fccd92119cc;b27cdea8-007c-4acb-99bb-d76005e12b0f;08:01:00;entrada;;2025-03-28 08:01:31;2025-03-31 07:59:41;
9d1cd091-d17a-492a-b16a-cd02a33abe0e;da08bf80-7393-4ea4-9656-e49604d06b50;17:02:00;saida;;2025-08-25 16:59:19;2025-08-25 17:02:15;
9d549356-faca-4f4c-9aef-c20eb20cb236;bee63acf-c8ca-4490-bd20-3350231bd263;13:39:00;almoco_saida;;2024-12-16 09:44:59;2024-12-16 09:44:59;
9d72723a-e5dc-4fc0-9cf0-8944a38485d6;63cb20b6-4c86-43fe-bd9d-eb1d4947ca15;13:02:00;almoco_saida;;2024-12-16 09:44:59;2024-12-16 09:44:59;
9d92584a-7376-4564-b24f-e034ebc94ee5;02619758-281f-4483-ad29-cb69781320b7;17:55:00;saida;;2025-03-05 17:55:27;2025-03-05 17:55:27;
9dbe59b3-72d1-41fc-9bf0-8a2e90ebd5e3;af241db2-2562-4804-818f-96dc99aaa6bf;13:49:00;almoco_retorno;;2024-12-16 09:44:59;2024-12-16 09:44:59;
9dc3d8ff-8cac-4c6e-934a-efa683006cf1;bd679722-ab6b-47f3-a5af-56061ca55b7d;13:49:00;almoco_saida;;2024-12-16 09:44:59;2024-12-16 09:44:59;
9e139c8d-8b2f-4adb-9efe-5f07f80fc876;b2111801-5302-493f-a4cd-522128fc79f9;08:00:00;entrada;;2025-10-27 13:08:36;2025-10-27 19:13:52;
9eadf637-db0d-4a2c-bbd0-74a82687d8e2;51d6c8b8-5c8d-443f-9dec-495ac72d6c6c;13:56:00;almoco_saida;;2024-12-16 09:44:59;2024-12-16 09:44:59;
9ebade87-c5d0-49a8-89e5-83f444ee389e;f90a8bdc-30af-4684-90ef-aa3aa48a291b;12:47:00;almoco_saida;;2025-07-11 12:47:44;2025-07-11 12:47:44;
9ee33c09-efc6-4a2e-a67b-fbe22644d078;39c7f326-7e45-491a-b62e-1717758ca84c;17:19:00;saida;;2025-04-10 09:36:10;2025-04-10 09:36:10;
9f2af27a-f9b9-49a6-b02f-86131af99b91;b07a1baa-3c3f-4199-af6d-0a1cada95da4;12:21:00;almoco_saida;;2025-09-16 15:21:22;2025-09-16 15:21:22;
9f34233d-ecce-4231-bfea-0fa68a8ecf70;23cb46e1-52ec-46fb-88a0-c2e8f5d93e90;17:40:00;saida;;2025-08-19 17:40:27;2025-08-19 17:40:27;
9f9e48e3-14d7-4370-b786-e1cbd30ef909;3bb176b4-74c0-4852-9d9d-6b1adada22d9;17:27:00;saida;;2025-04-08 08:08:29;2025-05-14 15:37:54;
9feea5a9-5717-492e-b483-ad090912913f;2112e2a9-4463-4b46-9d87-74b2fb50fae2;14:43:00;almoco_retorno;;2025-04-24 14:43:07;2025-04-24 14:43:07;
9ffe50cc-76aa-483a-a88a-792952ea23d4;3ae1ab66-cc49-41c4-b83c-0f7b65551cb0;13:48:00;almoco_retorno;;2025-11-12 16:47:37;2025-11-13 14:01:05;
a047c85d-e964-4d66-bf4c-67a37d0e4616;ca4a4ffc-1682-4b0c-a47e-38ec543491ce;13:38:00;almoco_retorno;;2025-07-07 13:37:37;2025-07-07 13:38:51;
a0985d19-66be-4b35-98a9-0a9dce86fb91;d77ad1af-ee7e-4449-bd73-e3cfb3d3d993;08:09:00;entrada;;2025-11-03 11:09:10;2025-11-03 11:09:10;
a09c2326-8c09-445e-85b5-71e4c27e78f8;acc75320-e652-4489-810d-d8965f58b22c;14:21:00;almoco_saida;;2025-04-23 14:21:05;2025-04-23 14:21:05;
a1251e79-a6e0-4a68-8d12-5468c933429c;fda8c488-7358-4cdf-b2ed-66a615eb98f8;14:32:00;almoco_retorno;;2025-02-20 17:10:27;2025-02-20 17:10:27;
a128f3b4-648a-48a0-8a15-f830873c5d53;3441074b-2d1e-4d5a-88f8-531129186bd8;17:29:00;saida;;2025-03-17 17:29:02;2025-03-17 17:29:02;
a12e3a75-a711-4fa2-b9b9-c50943b5dfad;60487dd6-c440-4446-a3b8-f03de4ecf516;13:53:00;almoco_retorno;;2025-09-15 16:52:47;2025-09-15 16:53:42;
a13ae0e0-c392-4ead-bdff-c4e06ec366ba;17b865f0-ab4c-4ed0-96a9-4c4750440b2d;17:09:00;saida;;2025-02-03 08:03:04;2025-02-03 08:03:04;
a1665be6-61ea-43e0-ba1d-c21e2ea16af9;2f0813e7-9dd2-4244-8400-1c73a7d955bf;13:43:00;almoco_saida;;2024-12-16 09:44:59;2024-12-16 09:44:59;
a1af20f3-a728-4d64-acc3-9ab113611aaf;061f9f17-1759-4931-a40d-ace7facbb271;08:04:00;entrada;;2025-09-30 11:04:45;2025-09-30 11:04:45;
a2cec6df-d054-46a0-b9d3-715ba54b4c21;ee782efe-3181-4c29-b6a4-9db247517560;17:05:00;saida;;2025-03-31 08:01:08;2025-03-31 08:01:08;
a3695dea-2329-4d35-b1ca-5cc00f2ba589;ecbb9ee6-2a7e-44ad-890a-62ab3d1b2d3b;08:01:00;entrada;;2025-07-14 08:01:10;2025-07-14 17:05:30;
a37d728c-9adc-4dde-8964-4c890ff4cfc4;4a39d6c6-f693-4836-aaaa-c0589893ea97;12:47:00;almoco_saida;;2025-02-13 12:48:12;2025-02-13 12:48:12;
a392da32-7081-4101-9198-6cc4278b3683;b27cdea8-007c-4acb-99bb-d76005e12b0f;17:13:00;saida;;2025-03-28 17:13:10;2025-03-28 17:13:10;
a3ed7689-9d09-48db-88cc-955c8014f30d;830e84f6-0155-4602-a2bb-52e6aa4eede1;13:45:00;almoco_retorno;;2025-08-18 13:45:29;2025-08-18 13:45:29;
a410bf17-ab35-485e-9699-163f8b69b07e;f6486894-a0da-41d2-a468-3ebe1082fbc4;13:27:00;almoco_retorno;;2025-01-14 13:27:22;2025-01-14 13:27:22;
a458450c-d73b-473d-9e99-1d792a7cfd80;45d55538-6912-4e41-adee-885af86968f7;17:02:00;saida;;2024-12-16 09:44:59;2024-12-16 09:44:59;
a485ac9e-bddb-4716-9c19-305d73492a3c;666385d6-8e60-4f20-98b2-bc0e77bb3ea1;08:10:00;entrada;;2025-11-17 11:10:20;2025-11-17 11:10:20;
a4a8537c-e967-4e8b-8c1f-4cab991dac32;15cb0ae6-20ce-4d0f-94d9-371742066e76;08:05:00;entrada;;2024-12-30 08:05:38;2024-12-30 08:05:38;
a5037811-99cd-4a9e-84cb-52eae303654c;60201c4d-30f2-4874-a5a9-4229f69d26f2;17:04:00;saida;;2025-06-18 17:02:42;2025-06-18 17:04:50;
a5114ecc-500e-4def-8253-cfb320800f58;a7a6d465-50e9-4a67-84eb-0c59a284626c;12:32:00;almoco_saida;;2025-07-16 12:31:29;2025-07-16 12:32:36;
a55da162-df9e-4847-8945-fea28cce4294;be61e450-cfa3-4161-9867-4d5f0e2ae42a;15:54:00;almoco_retorno;;2025-02-10 15:54:13;2025-03-17 09:47:41;
a58cf0a9-421a-49b3-b2ed-d5c351b36366;d59c1b2e-c410-45cd-b8ca-d34336d6a508;13:03:00;almoco_saida;;2024-12-16 09:44:59;2024-12-16 09:44:59;
a5b0fa59-605d-4156-9a3c-b54586c60aa7;104d5593-b277-4538-900e-533d9832b8f0;17:01:00;saida;;2025-11-13 13:54:16;2025-11-13 13:54:16;
a5e4214e-b857-4023-99a8-8ecdde067d33;7180f303-5711-4182-904b-60cd8a1bf2f6;17:09:00;saida;;2025-01-17 17:09:01;2025-01-17 17:09:01;
a639be1b-f077-4e0c-944a-91d9995c5ab5;15521860-24de-465c-940a-6807d38e7e3f;12:49:00;almoco_saida;;2025-11-07 15:49:40;2025-11-07 15:49:40;
a6aba7dc-1d19-47cc-aea5-6b10b87ef183;bee63acf-c8ca-4490-bd20-3350231bd263;14:39:00;almoco_retorno;;2024-12-16 09:44:59;2024-12-16 09:44:59;
a7248307-f403-4ee9-a1bf-df29888e839e;3b0426a8-9acf-455b-807a-3edd53b8cb80;12:45:00;almoco_saida;;2024-12-16 09:44:59;2024-12-16 09:44:59;
a73f4f7c-6c91-4291-9f73-a6e58bdf1828;e71c9893-6339-41ff-953f-ebc7d42c9933;13:46:00;almoco_retorno;;2025-11-11 17:49:36;2025-11-11 17:49:50;
a7617f59-f6cb-4235-b2e7-6f7c57dde111;f5bbd14f-e913-4c61-bef8-a6da7f0397eb;13:30:00;almoco_retorno;;2024-12-16 09:44:59;2024-12-16 09:44:59;
a7652a01-4d8e-4e1c-826e-113de48e35f2;5f13a311-90ee-43a6-b28a-ba0f47193ffa;17:04:00;saida;;2025-01-20 17:04:05;2025-01-20 17:04:05;
a7787a9f-61b5-430a-9830-e325d629bcfa;995059b6-ba19-4d20-9fdc-cf369c40e351;17:00:00;saida;;2025-06-23 16:59:58;2025-06-23 17:00:18;
a7cc6364-b49e-47fc-aac3-16d8d96edd24;3b0426a8-9acf-455b-807a-3edd53b8cb80;13:47:00;almoco_retorno;;2024-12-16 09:44:59;2024-12-16 09:44:59;
a7f46f6d-364b-4702-8096-75d0d9313ce4;180f4e9a-9df1-4b5b-af53-d19bd52f9856;08:17:00;entrada;;2024-12-16 09:44:59;2024-12-16 09:44:59;
a81b9ab0-6d3b-4be5-9c14-2e19dfea4662;49ddd497-cec2-4cc7-a28b-e3e094b5834d;13:51:00;almoco_retorno;;2025-08-29 16:50:01;2025-08-29 16:51:47;
a8953fd8-426e-4d46-adcf-dda6fc4d509a;180f4e9a-9df1-4b5b-af53-d19bd52f9856;14:47:00;almoco_retorno;;2024-12-16 09:44:59;2024-12-16 09:44:59;
a8df0755-1ac4-403d-9abd-2c6cb262cf10;0e205d9f-2c81-4912-a538-8c61b1a78516;17:19:00;saida;;2025-05-08 17:19:23;2025-05-08 17:19:23;
a8fed365-ce37-4937-a40d-a21cdfa60209;3441074b-2d1e-4d5a-88f8-531129186bd8;13:48:00;almoco_retorno;;2025-03-17 13:48:34;2025-03-17 14:27:24;
a966a28e-3df6-42a3-8307-4801515115af;06277d56-71d7-4c5e-83f4-182a96aa576e;17:07:00;saida;;2025-11-06 20:07:27;2025-11-06 20:07:27;
a96fb40c-405e-4867-8160-ea26f39473b8;572327e5-c0f1-49a8-870e-92811b25c286;08:03:00;entrada;;2025-05-07 08:03:15;2025-05-09 15:30:32;
a98a20a4-ac1d-4963-af4c-02ca40c90aa1;b2111801-5302-493f-a4cd-522128fc79f9;12:11:00;almoco_saida;;2025-10-27 19:13:52;2025-10-27 19:13:52;
a9aac22e-5ffc-498c-954a-3024eb84d739;619e0025-bd81-4390-8adc-0c382094aed1;13:43:00;almoco_retorno;;2025-08-13 13:43:58;2025-08-13 13:43:58;
a9ab1425-c335-44c6-b2c8-bed909871944;f61ec506-4993-40d6-8926-d1639bd6341d;13:55:00;almoco_retorno;;2025-06-25 13:42:43;2025-06-25 13:42:43;
aa2d3f8d-b470-4211-a8ca-4c49a036c72c;d35eb494-1a0c-40df-9c96-7f709a4d8d72;13:41:00;almoco_saida;;2025-01-30 13:41:46;2025-01-30 13:41:46;
aafb4c78-e60d-4ed2-bd31-4a9b17659987;ce2260c9-e797-4aee-a639-d2e82eb023a7;08:01:00;entrada;;2025-01-16 08:01:20;2025-01-16 08:01:20;
ab15d5c2-67e3-47e2-9109-e37951243e30;13025b6c-1024-4c8e-8d1d-168e4bc57c4c;17:33:00;saida;;2025-04-02 17:33:32;2025-04-02 17:33:32;
ab3f8416-c284-4cf1-9f9e-0b4eb4d8dd02;629f6e09-c52a-4a9d-a6b5-0066384da4a0;12:39:00;almoco_saida;;2025-05-16 12:39:54;2025-05-16 12:39:54;
ab8cc278-c645-46a8-867c-13ce7f3778c1;1d5d25f1-3c89-440a-a83d-13130a53be20;17:08:00;saida;;2025-04-17 17:08:26;2025-04-17 17:08:26;
acc72542-2b4e-44ce-b784-06e321ff6520;9aba1436-52ad-4ab3-a352-4873a1b6f4fd;14:07:00;almoco_retorno;;2025-01-08 14:07:02;2025-01-08 14:07:02;
ace17855-6e8e-410e-ac5a-ccb771fd77db;3ae1ab66-cc49-41c4-b83c-0f7b65551cb0;17:04:00;saida;;2025-11-12 20:04:14;2025-11-12 20:04:14;
acea4274-ed7e-479d-8edd-691e690fdf10;2d478cb6-a9f0-4c81-8869-6675e1ede08f;17:22:00;saida;;2025-03-26 17:22:41;2025-03-26 17:22:41;
ad6a67f1-d66d-4088-a162-0b7d1cbea716;06277d56-71d7-4c5e-83f4-182a96aa576e;08:04:00;entrada;;2025-11-06 11:06:48;2025-11-06 11:07:14;
ad6c5ee5-6d2c-4f59-a530-d79758453ddc;ca2596f3-4636-4b82-868f-814336feb4e9;08:07:00;entrada;;2025-04-07 08:00:00;2025-04-07 08:00:00;
ad9f339b-6b5d-4923-996b-12ad1cbd1676;da08bf80-7393-4ea4-9656-e49604d06b50;08:07:00;entrada;;2025-08-25 08:07:07;2025-08-25 17:02:15;
addcbf4a-b024-4025-8a55-a0cf8fcf0872;e828867a-b85e-4816-98d8-43f746551e48;08:11:00;entrada;;2025-03-12 08:11:56;2025-03-17 14:27:10;
ae2d5825-d034-47e1-8b6f-efe19f262751;a7f9a204-4c8b-43e8-8fad-822f23cac59e;12:47:00;almoco_saida;;2025-09-24 15:47:08;2025-09-24 15:47:08;
ae930fe0-d7dc-47c9-ace2-9bbad202523c;a286958a-f56c-4441-afd1-7f90a4861844;18:25:00;saida;;2025-04-25 18:25:22;2025-04-25 18:25:22;
aed0431a-f717-4fe9-94fe-81251d0084ce;95564710-b8c2-499a-b1e3-b66f2f46a18f;13:29:00;almoco_retorno;;2025-03-24 13:31:12;2025-03-24 13:31:21;
af5b9293-981e-4d10-826f-9d645ac3ca7e;19866254-7f5a-4121-8ab1-e917687382e9;08:01:00;entrada;;2025-03-10 08:01:14;2025-03-10 08:01:14;
af921cd9-a8aa-4761-897a-c5dda81b92ce;dafce647-140c-4037-87f7-7242d15c25a6;08:14:00;entrada;;2025-05-06 08:14:16;2025-05-07 16:10:09;
afbfe0ba-6f8e-4bcd-99b6-a3e0058e8132;4d8fbe07-4fc3-4e56-b617-dd875dc8d8a9;12:46:00;almoco_saida;;2024-12-16 09:44:59;2024-12-16 09:44:59;
aff114aa-8934-4cec-b6d9-94ae27763c3a;319ec039-ce08-4d05-b00e-1ad1cdcf42f1;08:06:00;entrada;;2025-06-30 08:06:56;2025-07-01 08:25:57;
aff2954b-a31d-4a69-a3fb-85cc1e0862ed;c749b005-928d-47aa-ba0d-e55b2eea6924;13:47:00;almoco_retorno;;2025-09-29 16:47:27;2025-09-29 16:47:27;
b0030c0f-9f8d-4b86-a549-eedad20e6f44;2d478cb6-a9f0-4c81-8869-6675e1ede08f;08:19:00;entrada;;2025-03-26 08:19:28;2025-03-26 17:18:20;
b099645d-0fd7-498e-9349-7c08ea58af33;34924bf2-9109-4dd0-8b21-16d81b3042f0;15:02:00;almoco_retorno;;2025-10-14 18:02:13;2025-10-14 18:02:13;
b09e4fd0-81d9-4f9c-9b51-6048f361b35c;30a8d93a-2e89-44db-9e58-442261e996c8;12:33:00;almoco_saida;;2025-01-10 12:35:31;2025-01-10 12:35:31;
b0c08a0b-3459-48c6-95eb-41b3eb81e5c2;34924bf2-9109-4dd0-8b21-16d81b3042f0;17:07:00;saida;;2025-10-14 20:07:35;2025-10-14 20:07:35;
b0d77aa3-2eb5-4e78-bda9-a05f0c5a4d68;d67f6f2e-ea0a-4056-8d89-5920e99d2847;17:36:00;saida;;2025-06-10 17:36:42;2025-06-10 17:36:42;
b190ab10-b53f-4c66-9356-8015b9bbd9e8;f61ec506-4993-40d6-8926-d1639bd6341d;08:01:00;entrada;;2025-06-02 09:08:52;2025-06-25 13:42:43;
b195ed97-7c40-4f92-bdc2-1eaf3d35f1b3;474d3b37-c5e6-4a1f-96e2-c5fd4cf0e732;14:36:00;almoco_retorno;;2024-12-16 09:44:59;2024-12-16 09:44:59;
b20f8514-1928-4b53-a437-14532e08be9c;9d2df846-a4ec-4b27-9286-3b2037f35ab8;13:14:00;almoco_retorno;;2025-01-07 13:14:41;2025-01-07 13:14:41;
b2119322-9730-416d-8ae5-eedde03c7066;c4acc736-54df-4c85-9387-67175347bc7c;14:25:00;almoco_saida;;2025-01-21 14:55:40;2025-01-21 14:55:40;
b223f8c4-e1ad-4055-83d5-650c11ad8f13;8571d047-38fa-4f73-91a8-08fcf2d1f04e;13:54:00;almoco_retorno;;2025-04-11 13:54:50;2025-04-11 13:54:50;
b23eae52-ffd2-45ee-8a39-5ac10b805fa5;3f12d515-6358-45ec-976c-16b229b7e479;13:09:00;almoco_retorno;Fiquei até mais tarde acompanhando a operação fidc consignado publico xp, saida 19:00;2024-12-16 09:44:59;2024-12-16 09:44:59;
b268e177-4e1b-4028-86d9-8a08437bbc6f;f77dd741-67b9-4899-81ac-05a188dbf060;08:15:00;entrada;;2025-11-13 11:10:33;2025-11-13 16:48:27;
b28240cd-7fb7-4716-9c70-b4f5d5ac1a42;180f4e9a-9df1-4b5b-af53-d19bd52f9856;17:17:00;saida;;2024-12-16 09:44:59;2024-12-16 09:44:59;
b2977d88-a665-4bac-b2b6-eb781abd891e;e73d57ed-e304-4079-9b9e-d4cd4db0c805;17:00:00;saida;;2024-12-16 09:44:59;2024-12-16 09:44:59;
b2d0abff-6e7a-4518-a3d5-bde5f0cd0ffd;88aad3d9-1abf-45ad-a664-2d2e40eb0db8;13:48:00;almoco_retorno;;2025-06-16 13:48:26;2025-06-16 13:48:26;
b2d4e752-a3b8-4126-b43e-b676f32b8c38;0fd3fdfa-1238-4a18-b399-2a547ac88d20;14:23:00;almoco_retorno;;2025-02-17 14:23:28;2025-02-17 14:23:28;
b2e0ec61-6312-492c-b6f4-2a8adc263edc;ca2596f3-4636-4b82-868f-814336feb4e9;13:46:00;almoco_retorno;;2025-04-07 08:00:00;2025-04-07 08:00:00;
b41acb32-ef5f-48b2-9e2b-ec4cd8cd69ce;b7521fa9-c079-4ae0-96cb-fcbd7c0b6349;17:05:00;saida;;2025-09-11 20:05:48;2025-09-11 20:05:48;
b429a06d-d3ed-49dc-94fa-32a7228f6e79;6ffd7549-f321-4b3e-bedc-79eb469bd956;12:32:00;almoco_saida;;2024-12-16 09:44:59;2024-12-16 09:44:59;
b4a5429a-132f-4bc6-97b0-37ce1ccb6892;7180f303-5711-4182-904b-60cd8a1bf2f6;12:43:00;almoco_saida;;2025-01-17 12:43:40;2025-01-17 12:43:40;
b4f6359f-e60e-48ae-8eca-122fd1e436d3;e5d82646-2ee8-42c3-b297-9060b7598f98;17:10:00;saida;;2025-09-04 11:07:36;2025-09-04 11:07:36;
b531838a-0568-4337-baad-99f770f322bb;17f9a863-8080-47d9-9251-f3cf4c957bac;15:00:00;almoco_retorno;;2025-09-25 20:02:21;2025-09-25 20:02:31;
b53b5080-a99c-4c22-b282-4777e451b8c2;45e87d5d-2b19-4b09-9ddf-e07eb9e980df;13:50:00;almoco_retorno;;2025-04-28 13:50:29;2025-04-28 13:50:29;
b55d86c5-1b68-4542-a779-b1e224d178ce;78072523-8eea-422b-92a5-274c12247c68;14:00:00;almoco_retorno;;2025-03-14 14:00:49;2025-03-14 17:20:22;
b561bf30-9ad3-471f-bff0-e229e2faae4e;8ea3ba47-6a33-44e0-8d2e-34f52aa0c7b8;09:00:00;entrada;Mongo Developer Day RJ;2024-12-16 09:44:59;2024-12-16 09:44:59;
b58ba2ca-ba76-4440-a8ae-c82e49f40538;20812627-edec-4f8a-98f4-8525db7cde5c;13:47:00;almoco_retorno;;2025-09-02 16:47:22;2025-09-02 16:47:22;
b59c08b5-86aa-4413-898f-fbdaf9ef7e3d;19895309-3315-498e-a254-b434e88f5bba;17:01:00;saida;;2024-12-16 09:44:59;2024-12-16 09:44:59;
b617e69c-99f4-4df0-baa8-477414792e7b;afd27c5d-4b17-4bc1-9890-72249713f400;17:34:00;saida;;2025-03-07 17:13:52;2025-03-07 17:14:24;
b618bfa4-cdb7-472e-a6db-0fbd6b3a4d3e;09a28a4a-51f8-4037-b4a7-51a4782bed0a;12:45:00;almoco_saida;;2025-09-26 15:45:21;2025-09-26 15:45:21;
b692b5a3-3b04-43ab-993d-59bbb60a7605;04997d07-69aa-4317-bbdb-c163f7efd800;17:06:00;saida;;2025-05-19 17:06:54;2025-05-19 17:06:54;
b6b6f693-4d60-4e32-a123-d4382c36f057;7f0174ac-3bed-4c83-82ab-e34931bbcf82;08:03:00;entrada;;2025-06-05 08:03:25;2025-06-05 17:07:33;
b6c7eeb3-7a52-4095-bac7-fec1508e36e1;a9ba8145-7254-4b0a-8cb4-241536554806;17:51:00;saida;;2025-01-29 08:05:06;2025-01-29 08:05:06;
b6d38a48-ae30-4fad-9238-c44043d6248a;f6486894-a0da-41d2-a468-3ebe1082fbc4;17:08:00;saida;;2025-01-14 17:08:07;2025-01-14 17:08:07;
b7076e82-f20d-4ea3-9918-1d7ec4feffee;dbf7eb60-b694-4de0-b6dc-20df394d5448;14:33:00;almoco_retorno;;2025-06-13 14:33:58;2025-06-13 14:33:58;
b732f0b5-76d8-49a7-8a90-235208567937;ceda816d-015d-4b3a-8abb-87d158405ebe;13:22:00;almoco_retorno;;2024-12-17 13:22:17;2024-12-17 13:22:17;
b76e8b68-1490-46c8-9b65-9c83724c6c09;d9aa0b27-bd9c-405e-a0e8-b746fe021e66;08:06:00;entrada;;2025-08-27 08:48:04;2025-08-27 20:59:19;
b7ecd320-d5f6-4a8f-9472-103ce0fedea8;b07a1baa-3c3f-4199-af6d-0a1cada95da4;17:16:00;saida;;2025-09-16 20:16:36;2025-09-16 20:16:36;
b86ec6c1-6dc9-46de-bb5e-2643d4b77d82;595d80e0-7f17-4646-8d02-7b77248bbe40;08:02:00;entrada;;2025-02-27 08:02:53;2025-02-27 16:59:03;
b8a3085d-e937-4b94-bcc1-ccb23081a1eb;595d80e0-7f17-4646-8d02-7b77248bbe40;17:15:00;saida;;2025-02-27 16:19:08;2025-02-27 16:59:03;
b8bf04f7-fcb0-434d-906a-a57797107b69;38b987ae-dd06-4666-b566-886868ce18b0;08:10:00;entrada;;2025-02-26 08:10:58;2025-02-26 15:03:25;
b8c121e1-d097-402c-bc07-227e041bf505;ee782efe-3181-4c29-b6a4-9db247517560;13:40:00;almoco_retorno;;2025-03-31 08:01:08;2025-03-31 08:01:08;
b8e88ab4-e33d-4a16-966a-54e86d830aeb;2f49b98f-bc55-4cae-9d7f-c18ecda24acc;16:47:00;saida;Falta de luz em casa, batimento de saida: 16:47;2024-12-16 09:44:59;2024-12-16 09:44:59;
b8f87e5a-57d3-4816-8e97-118ed7f274ad;02ceb7e8-417c-4749-bca0-1f0811d09725;12:46:00;almoco_saida;;2024-12-16 09:44:59;2024-12-16 09:44:59;
b92371a7-b75b-4fb1-93e8-ddd4fa9857a6;c749b005-928d-47aa-ba0d-e55b2eea6924;08:02:00;entrada;;2025-09-29 11:02:47;2025-09-29 11:02:47;
b95d1749-5524-4b91-b19f-45f0c64b5489;9d2df846-a4ec-4b27-9286-3b2037f35ab8;17:10:00;saida;;2025-01-07 17:10:38;2025-01-07 17:10:38;
b9ad843c-f6ff-43ca-8c96-0994b9ab03e6;26b2b071-ec53-4a2d-bbf2-4c43489c544b;12:45:00;almoco_saida;;2024-12-16 09:44:59;2024-12-16 09:44:59;
b9b374d8-6895-461e-844c-85bb65482e8c;e0385c16-99c8-4c02-bc18-5b9f853e8a27;17:03:00;saida;;2024-12-23 14:05:56;2024-12-23 14:05:56;
b9b72e28-1c5f-400d-b9a5-205fc09ad8ef;13025b6c-1024-4c8e-8d1d-168e4bc57c4c;08:04:00;entrada;;2025-04-02 08:04:54;2025-04-02 12:35:06;
ba01f7e4-81a5-462b-ba70-62c152784e8b;8cfaa7f6-23c5-48a4-80ef-17f447ff5740;12:15:00;almoco_saida;;2025-04-15 12:15:26;2025-04-15 12:15:26;
ba1feba0-dae7-441b-8d61-f9764bf4ac0d;e0ead4d9-ce44-4db1-b799-c42dd90adbc4;12:40:00;almoco_saida;Fiquei até mais tarde em virtude do problema do critério de taxa mínima para o  MTINSS;2024-12-16 09:44:59;2024-12-16 09:44:59;
ba32c35d-71dc-4056-be0b-b41b8bbd4737;04997d07-69aa-4317-bbdb-c163f7efd800;14:13:00;almoco_retorno;;2025-05-19 14:13:00;2025-05-19 14:13:00;
ba6d378a-385b-43c7-97ca-f9656336e99f;c5d07841-1ff3-4741-9173-358beff2425a;13:40:00;almoco_saida;;2025-03-27 13:40:29;2025-03-27 13:40:29;
bb3e0060-ed5d-42b2-85de-7227361d2a68;9c045272-000b-4e86-bbca-8383363e9c71;17:10:00;saida;;2024-12-18 17:10:39;2024-12-18 17:10:39;
bb47606d-31b0-41ae-a237-6ee22583e07c;4edfdc80-5fe8-44b8-aa92-7c3643d1e636;08:01:00;entrada;;2025-06-20 12:34:42;2025-06-25 13:43:35;
bb47eba6-f2f0-4570-aced-b57cc1beb994;33f0146c-1c75-4128-8b5b-019e6e33406b;13:34:00;almoco_saida;;2024-12-16 09:44:59;2024-12-16 09:44:59;
bbd0bc6c-8605-4763-bd17-3a0f67a1d180;c6bf8441-9bdf-4817-996d-eb2e2eaa791c;13:34:00;almoco_saida;;2025-04-04 08:02:35;2025-04-04 08:02:35;
bc295297-81cf-4831-a50c-ce03716e49a2;30120e4e-8df1-411b-83f8-73cc5d724d24;08:10:00;entrada;;2025-08-22 12:21:12;2025-08-22 17:09:45;
bc9f0e11-7394-4b6d-91d9-7258f92b7311;33f0146c-1c75-4128-8b5b-019e6e33406b;17:07:00;saida;;2024-12-16 09:44:59;2024-12-16 09:44:59;
bcc34124-3327-4136-abc4-7534a1521fda;c04643b6-800e-46e4-bdfc-7cccff90f64c;08:05:00;entrada;;2024-12-16 09:44:59;2024-12-16 09:44:59;
bd3ffae1-ff27-4c18-8ec7-8880c86f7d77;ddd63100-b5d1-4bae-98f1-f821e875b54d;17:08:09;saida;;2024-12-16 09:44:59;2024-12-16 09:44:59;
bd6ed66b-0682-4f4b-a3c4-0200dff186f5;0fb33152-8f5c-46b7-8473-d4dd100971a0;17:30:00;saida;;2025-06-12 13:39:34;2025-06-12 13:39:46;
bda3d749-1a03-475b-96c2-671fd74ac6b2;397f02c4-bf59-40f3-a8ad-4995eea5bab3;12:52:00;almoco_saida;;2025-06-03 12:52:42;2025-06-03 12:52:42;
bdb64956-d57c-4bb2-8973-c701e3fc265c;08c22822-2d4c-4233-b388-b9db7e95096a;13:34:00;almoco_saida;;2025-01-23 13:34:45;2025-01-23 13:34:45;
bdbaa4fb-5cfa-43ae-b83a-eddbc66f2933;572327e5-c0f1-49a8-870e-92811b25c286;17:12:00;saida;;2025-05-07 17:12:55;2025-05-07 17:12:55;
bdcd4316-f644-4cfe-9686-83545190147c;9c045272-000b-4e86-bbca-8383363e9c71;13:00:00;almoco_saida;;2024-12-18 13:00:31;2024-12-18 13:00:31;
be570854-4175-4a41-b133-575805839241;f5510c22-f3a5-4da3-aa02-fda5eace82b7;14:31:00;almoco_retorno;;2024-12-16 09:44:59;2024-12-16 09:44:59;
be6e6f6b-671c-486f-a337-fa517eb6a406;a9ba8145-7254-4b0a-8cb4-241536554806;08:05:00;entrada;;2025-01-29 08:05:06;2025-01-29 08:05:06;
be706a27-4a57-4c82-8133-7b65ad171da2;d9aa0b27-bd9c-405e-a0e8-b746fe021e66;13:47:00;almoco_retorno;;2025-08-27 16:50:04;2025-08-27 16:50:12;
be749983-b8af-49dd-b75e-d74108c754ac;09a28a4a-51f8-4037-b4a7-51a4782bed0a;17:12:00;saida;;2025-09-26 20:12:09;2025-09-26 20:12:09;
be9fa5b7-5c18-4742-857a-15c54536c83a;fe35db8e-39a3-4018-a8c4-f997c29a23df;12:43:00;almoco_saida;;2025-05-02 12:43:44;2025-05-02 12:43:44;
bf39bff5-30ee-4a3d-aa0b-67ba481f175f;705de0c7-0e6a-4d90-ad74-b359a1100dc6;08:03:00;entrada;;2025-08-12 08:33:30;2025-08-12 08:33:36;
bfb9d3b9-63d0-4551-b443-437c7165a150;5d366be7-2bc8-4a58-bb1d-b8db2ab9ee1f;08:00:00;entrada;;2025-01-02 08:00:13;2025-01-02 08:00:13;
bfcb5a3e-e8e1-4458-8bcd-31746aaa6edb;c6d53e0c-c4ff-4d36-bedf-219cc2796f22;17:17:00;saida;;2025-02-25 17:17:25;2025-02-25 17:17:25;
bfd2642a-e2ab-4081-bea5-a0dfd8cf8fc9;a95d2aa0-c13e-459d-ab45-7b82341c6230;14:27:00;almoco_retorno;;2025-06-11 14:27:54;2025-06-11 14:27:54;
bff612dd-991b-463c-ac7d-333bfa6650be;a7f9a204-4c8b-43e8-8fad-822f23cac59e;17:09:00;saida;;2025-09-24 20:09:07;2025-09-24 20:09:07;
c0902670-cf42-4209-9220-4aaf1d366250;275e4fdb-8338-4cda-af50-3c6131ecef99;08:04:00;entrada;;2025-10-20 11:04:07;2025-10-21 03:06:00;
c0b7e151-45dd-4d1e-9c5d-c32510f464bd;1dddacbf-8976-4979-a1e7-1e12fbab2db1;08:02:00;entrada;;2024-12-26 08:02:17;2024-12-26 08:02:17;
c1598564-ccf6-40b5-8c9c-24792e3dffce;534902e1-88d1-41cc-aaa4-20f9851d3a7a;08:08:00;entrada;;2025-10-28 11:12:07;2025-10-28 11:12:07;
c1b6af19-b7e5-4846-a82a-4996c43b9b3e;8a2c36a1-b967-4952-8d12-2b9874e4830b;14:00:00;almoco_retorno;;2025-02-24 14:00:06;2025-02-24 14:00:06;
c1db343c-e435-4f3b-875f-a6ea59181541;5401bff5-3ec9-4e50-b862-7c72f254a68e;12:52:00;almoco_saida;;2025-06-25 12:52:27;2025-06-25 12:52:27;
c1f7e56d-d639-4e82-844c-b6699e11f818;e0385c16-99c8-4c02-bc18-5b9f853e8a27;08:03:00;entrada;;2024-12-23 08:03:22;2024-12-23 08:03:22;
c233c0f2-ff35-4059-afd9-43315ebb4726;3b0426a8-9acf-455b-807a-3edd53b8cb80;17:16:00;saida;;2024-12-16 09:44:59;2024-12-16 09:44:59;
c2ae6f36-b515-4a0c-9b2c-25a2709ebfa7;319ec039-ce08-4d05-b00e-1ad1cdcf42f1;17:52:00;saida;;2025-06-30 17:52:37;2025-06-30 17:52:37;
c31e38fa-02eb-4e24-92d7-37407e3218d3;a286958a-f56c-4441-afd1-7f90a4861844;08:20:00;entrada;;2025-04-25 08:20:38;2025-04-25 08:40:49;
c359b457-7f2b-4ff0-8a00-22872363d015;015eb923-628f-49db-bf93-5f9d8bdbd622;17:18:00;saida;;2025-02-19 17:18:48;2025-02-19 17:18:48;
c35b3c67-da98-484e-8c0e-39b0e8ae2de0;9ea9d0f7-8539-4feb-b7ae-9c9eca3b6855;13:32:00;almoco_retorno;;2025-09-23 16:30:21;2025-09-23 16:33:41;
c3c4b42b-fd0c-4aac-990c-4e70adb25eb3;8faedb0e-7adc-468e-97e5-d5fc807dae77;12:47:00;almoco_saida;;2024-12-20 12:47:07;2024-12-20 12:47:07;
c4312b99-41eb-4379-b1d2-b16710eeab2d;e21f1558-5f74-4121-97f0-0d0746e5a3bc;14:00:00;almoco_retorno;;2025-01-28 14:00:52;2025-01-28 14:00:52;
c44164d7-f2ea-4bce-9c2e-f3f2c07842ad;60487dd6-c440-4446-a3b8-f03de4ecf516;12:49:00;almoco_saida;;2025-09-15 15:49:35;2025-09-15 15:49:35;
c4f75bed-cf95-4b2f-8665-5706bcb5c15c;74ed80b8-40fa-4eff-aa0f-0ed34b6412ef;12:34:00;almoco_saida;;2025-06-27 12:34:07;2025-06-27 12:34:07;
c567f805-1f2e-4dee-84a9-ab137147002f;da736edc-213f-444e-9d97-4a3cf6ae3c33;08:01:00;entrada;;2025-07-25 08:01:30;2025-07-25 08:01:30;
c57e4a48-d5d9-4e51-9f86-6da20cd90063;3a2903fc-001a-46e8-9f32-bb8e0725dbd6;12:26:00;almoco_saida;;2025-03-25 12:26:48;2025-03-25 12:26:48;
c58350b6-528f-4aa8-8d12-87cbad890497;621405e6-5e64-4e15-aa52-e1d3767c30e9;12:14:00;almoco_saida;;2025-01-13 12:14:42;2025-01-13 12:14:42;
c6940e8c-5b1e-49e5-8a16-38df71911be3;aa3a7a42-fa63-4cb5-8653-25c1b4b6083e;13:10:00;almoco_saida;;2025-01-09 13:10:25;2025-01-09 13:10:25;
c6a5b73b-1fa3-4aec-87fc-3ed4188551ad;f8f3134b-ba0b-4ba9-86ad-5d06f6ee60e4;08:07:00;entrada;;2025-09-04 11:07:11;2025-09-04 17:08:37;
c6b17774-8f59-402b-accd-7f52954fe249;f7a5266c-72b2-40a8-9d5a-18e8d0f4617e;13:39:00;almoco_saida;;2025-02-06 13:39:08;2025-02-06 13:39:08;
c6bcf6c7-83a9-404c-a8a7-e36c98bfdce3;da82d2b7-dfda-49e2-bf9a-621e0b203439;08:14:00;entrada;;2025-07-02 08:17:12;2025-08-20 15:20:20;
c6c1718e-9f72-44b5-9430-884a72a6f7e4;dfe892b1-4012-4595-99a0-16c826fe957a;12:46:00;almoco_saida;;2024-12-16 09:44:59;2024-12-16 09:44:59;
c6e709a5-b390-4998-9c18-065dc84d99c8;553f392f-781b-40aa-8b5e-bc5a2f8eb31f;14:01:00;almoco_saida;;2024-12-16 09:44:59;2024-12-16 09:44:59;
c74b5704-74d5-4c49-9fd5-aa60723d4ef0;30a8d93a-2e89-44db-9e58-442261e996c8;08:07:00;entrada;;2025-01-10 08:07:21;2025-01-10 08:07:21;
c7601e32-a02c-42ef-99b0-611131363764;e7d60c40-cad6-4eca-ba30-64fb6922c15f;17:12:00;saida;;2025-02-12 17:12:18;2025-02-12 17:12:18;
c76786c8-9389-4dab-969c-4df8319027ae;275e4fdb-8338-4cda-af50-3c6131ecef99;13:18:00;almoco_saida;;2025-10-20 16:18:57;2025-10-21 03:06:00;
c78852f1-6a29-4959-9e27-3df13b7617cc;2015f5c0-2384-4694-bd13-265748174e5f;08:27:00;entrada;;2025-04-29 08:27:43;2025-04-29 08:27:43;
c81443a4-bdbc-4d6b-a144-c09e2af5dad7;51d6c8b8-5c8d-443f-9dec-495ac72d6c6c;14:56:00;almoco_retorno;;2024-12-16 09:44:59;2024-12-16 09:44:59;
c87403e5-ab65-4151-b52f-17c55d7828ca;6ffd7549-f321-4b3e-bedc-79eb469bd956;17:32:00;saida;;2024-12-16 09:44:59;2024-12-16 09:44:59;
c8e05fed-70ea-41f2-9e13-526ea9bc356f;a5499319-e810-4023-a79d-56ffff0ee8a0;08:00:00;entrada;;2024-12-16 09:44:59;2024-12-16 09:44:59;
c8f03eda-72ce-4862-bd08-875563119df1;99f6e97c-a3e8-4b89-b4dc-5798ab593f4b;13:08:00;almoco_retorno;;2025-01-22 13:08:55;2025-01-22 13:08:55;
c96d1e5c-b139-4d6c-b639-70bb63cde9a1;c22b00ff-f7d5-4b67-bbe7-642d648b89f1;12:24:00;almoco_saida;;2025-03-21 12:24:26;2025-03-21 12:24:26;
c9a2e661-ffc3-4212-a492-5f7e64c9edc3;b929ad2e-7a4f-4183-91e7-b3bb3f328be8;13:12:00;almoco_retorno;;2025-05-14 13:12:44;2025-05-14 13:12:44;
c9beb2dc-d3d8-42b0-9ebf-5ac369e1da97;53dff2b8-861b-495d-bd2e-f307254ab4c0;17:18:00;saida;;2025-07-10 17:18:46;2025-07-10 17:18:46;
c9f9a9b0-f303-4705-b63f-d85bb8a05701;c1b065f8-78e7-40d6-aecf-e38389abfa2a;13:46:00;almoco_retorno;;2024-12-16 09:44:59;2024-12-16 09:44:59;
ca3f203e-09b5-438b-8db3-63f6ab4ddfc5;48c5324d-6acc-417a-9ec8-7fda67219640;08:02:00;entrada;;2025-07-03 08:02:03;2025-07-03 08:02:03;
ca728d80-be3e-4d95-b765-94e1f0d818df;28e41738-5608-4e3b-966b-3b6fea389895;08:03:00;entrada;Almoço mais tarde em virtude da troca do dia de terapia;2024-12-16 09:44:59;2024-12-16 09:44:59;
caccfd06-1292-4784-864e-292328658b22;0a8c831e-2790-4de2-8aa7-3d97920ca851;13:40:00;almoco_saida;;2024-12-19 13:40:23;2024-12-19 13:40:23;
cd1c3159-ddfc-49c6-9435-aba6f8bdcf4b;830e84f6-0155-4602-a2bb-52e6aa4eede1;12:45:00;almoco_saida;;2025-08-18 12:45:14;2025-08-18 12:45:14;
cd6a828e-2ef9-45ac-a471-67229b0be254;a4a7478c-1b33-4a33-be40-4a02e321d0fe;08:09:00;entrada;;2025-08-15 08:09:34;2025-08-18 12:31:14;
cd8d7224-7cdd-454b-99fc-253c161ea945;ca2596f3-4636-4b82-868f-814336feb4e9;12:46:00;almoco_saida;;2025-04-07 08:00:00;2025-04-07 08:00:00;
cde050aa-d3d4-40be-94fc-f178579fbcc6;49ddd497-cec2-4cc7-a28b-e3e094b5834d;08:04:00;entrada;;2025-08-29 12:32:31;2025-08-29 20:07:49;
cde2d71d-c8ee-4e19-8fe9-7313ff275009;e71c9893-6339-41ff-953f-ebc7d42c9933;08:05:00;entrada;;2025-11-11 11:04:22;2025-11-11 11:05:56;
ce57997f-9b7f-4e44-9d05-1bcb570b9e95;39c7f326-7e45-491a-b62e-1717758ca84c;08:10:00;entrada;;2025-04-09 08:10:20;2025-04-10 09:36:10;
ce8bbe27-3f3b-4c79-bbf4-5f0f68e20789;f6486894-a0da-41d2-a468-3ebe1082fbc4;12:23:00;almoco_saida;;2025-01-14 12:23:05;2025-01-14 12:23:05;
ce97a546-c0c5-4f01-90ef-cc8aece758bb;849f8e78-3088-48c4-8903-2c86b8ad1821;11:06:00;almoco_saida;;2025-10-31 14:06:28;2025-10-31 14:06:28;
ced787c5-59ee-486b-bd87-780ed6b973e7;34924bf2-9109-4dd0-8b21-16d81b3042f0;08:06:00;entrada;;2025-10-14 17:07:08;2025-10-14 17:07:19;
cee3bf49-0b54-4a35-848e-b20e9ad67d3c;a286958a-f56c-4441-afd1-7f90a4861844;12:43:00;almoco_saida;;2025-04-25 12:43:04;2025-04-25 12:43:04;
cf1e0461-a89e-47e9-9129-107a3de1e23a;6ffd7549-f321-4b3e-bedc-79eb469bd956;14:07:00;almoco_retorno;;2024-12-16 09:44:59;2024-12-16 09:44:59;
cf62c0c2-9516-4316-9758-17e475886134;a106b21d-3241-4d70-bd4c-44738bb8ab6d;08:00:00;entrada;;2025-07-08 08:00:31;2025-08-20 15:23:37;
cf81f107-e48b-4af1-9482-8cf22ee5be19;ce2260c9-e797-4aee-a639-d2e82eb023a7;13:39:00;almoco_saida;;2025-01-16 16:30:10;2025-01-16 16:30:10;
cfe6873c-de78-4789-9e2e-c90edcd133ff;78072523-8eea-422b-92a5-274c12247c68;12:58:00;almoco_saida;;2025-03-14 12:58:43;2025-03-14 17:20:22;
d01ab22d-1910-4693-a40d-3f974fef4fc8;104d5593-b277-4538-900e-533d9832b8f0;08:05:00;entrada;;2025-11-05 11:06:01;2025-11-05 20:01:12;
d117cfb3-cf3b-4b42-b24a-5c93b6bcbed2;17aa8bb1-f12a-4915-a311-fec33d748acc;08:03:00;entrada;;2025-02-07 08:03:31;2025-02-07 08:03:31;
d2069489-e45a-467c-a3ad-4569eed54c44;74ed80b8-40fa-4eff-aa0f-0ed34b6412ef;17:19:00;saida;;2025-06-27 17:19:27;2025-06-27 17:19:27;
d28bdac8-7456-45b0-a05c-f722b2388657;534902e1-88d1-41cc-aaa4-20f9851d3a7a;12:45:00;almoco_saida;;2025-10-28 15:45:09;2025-10-28 15:45:09;
d2ec5973-caa7-40ae-a8f6-945739244517;7e0ceaf3-e4f7-4a44-af61-6c056bbddeb2;17:16:00;saida;;2025-03-20 14:45:26;2025-03-26 16:16:40;
d32805e7-8975-43ce-a848-77ce2d3aa7b8;0c11afd5-b0cc-42d4-8582-60e056eb48e2;08:05:00;entrada;;2024-12-16 09:44:59;2024-12-16 09:44:59;
d38178ab-5885-4031-862f-617890ef6bbf;a617bc4f-1e83-4924-8ec1-731e05d12c4f;12:41:00;almoco_saida;;2024-12-16 09:44:59;2024-12-16 09:44:59;
d39bda03-c6b3-4d92-b2fd-eef9a61ddd67;2ff3baae-664c-4bdd-8115-04e229dde021;08:08:00;entrada;;2024-12-16 09:44:59;2024-12-16 09:44:59;
d3c3ceb6-42c0-4b1a-9a5d-1b7ee0e359b0;4a0cd8d9-fc31-46f9-b52d-eaa0cd4cdd38;08:04:00;entrada;;2025-08-14 08:54:53;2025-08-19 08:45:23;
d3d5003e-c68e-4550-8c5b-aae366f09807;0116119e-c25f-4663-8ad7-904d4b6e640b;08:02:00;entrada;;2025-03-06 08:02:35;2025-03-06 08:02:35;
d3dc8acd-9f56-49fe-a66a-dfcd4445813a;7927b73f-dc3a-49ff-930e-e31e4a4b6885;08:16:00;entrada;;2024-12-27 08:16:18;2024-12-27 08:16:18;
d44b047b-b0ed-46e1-a83a-d598e9df14da;e83b1690-8306-4eba-b8d8-56f92baa4121;08:22:00;entrada;;2025-03-19 08:22:48;2025-03-21 08:07:14;
d50e9563-bf90-4611-bb98-6ece8eb06d7e;e71c9893-6339-41ff-953f-ebc7d42c9933;17:09:00;saida;;2025-11-11 20:08:15;2025-11-11 20:08:15;
d5314374-bd2d-492d-b450-ce19d9a59226;da82d2b7-dfda-49e2-bf9a-621e0b203439;17:29:00;saida;;2025-07-03 08:02:31;2025-08-20 15:20:20;
d588970c-7241-44f0-ad51-d5f6eda703b4;3c9785d1-fd40-430d-af1b-ad04841db74f;17:00:00;saida;d;2025-10-24 12:28:36;2025-10-24 12:28:36;
d5953fbb-f88e-4750-a8e7-abe30ac5b133;13025b6c-1024-4c8e-8d1d-168e4bc57c4c;13:33:00;almoco_retorno;;2025-04-02 13:33:15;2025-04-02 13:33:15;
d5a39657-1a56-4d4b-8113-53a0db90f724;d35eb494-1a0c-40df-9c96-7f709a4d8d72;14:41:00;almoco_retorno;;2025-01-30 14:41:45;2025-01-30 14:41:45;
d5abf5a9-fbd5-4c38-a26b-bd3b460016a6;0fd3fdfa-1238-4a18-b399-2a547ac88d20;13:22:00;almoco_saida;;2025-02-17 13:22:49;2025-02-17 13:22:49;
d620fc96-1c7a-4005-8b7d-ab9f2575e179;8a2c36a1-b967-4952-8d12-2b9874e4830b;17:17:00;saida;;2025-02-24 17:17:28;2025-02-24 17:17:28;
d6fdc16f-158e-4bb8-927e-68e1366b1131;ebcf4297-cb46-4404-9e87-3a9c9866833a;13:48:00;almoco_retorno;;2025-10-01 16:49:06;2025-10-01 16:49:21;
d74462f0-ee76-4ce7-9d2a-5a48cb7b81c8;d7404d24-8eb5-48cc-aeb6-fee0874556a0;13:09:00;almoco_retorno;;2025-02-14 13:09:49;2025-02-14 13:09:49;
d77e4a5d-fef9-42ff-8715-8f45841bf9b4;6faa8800-dc74-44cf-8b52-a6d89af1004f;08:02:00;entrada;;2025-11-18 11:01:00;2025-11-18 11:02:50;
d806156c-560f-4345-8376-206fb88f1932;0fb33152-8f5c-46b7-8473-d4dd100971a0;12:18:00;almoco_saida;;2025-06-12 12:18:50;2025-06-12 12:18:50;
d86ea5c6-07a9-4c06-ba1c-09c188ba3d76;d59c1b2e-c410-45cd-b8ca-d34336d6a508;14:04:00;almoco_retorno;;2024-12-16 09:44:59;2024-12-16 09:44:59;
d899bd70-d96f-42f1-8d77-3f2576ff51d3;5b4d422a-b9d0-4c0a-a35b-e50343ff0425;17:07:00;saida;;2025-04-30 17:07:33;2025-04-30 17:07:33;
d8a0185d-a03b-4213-8efe-4e2de9b7a233;433b4707-6195-47be-894a-6ee09e3189ff;08:04:00;entrada;;2025-05-05 08:02:49;2025-05-05 12:50:15;
d8c5f381-338e-4226-b580-8ba9bfdec130;48c5324d-6acc-417a-9ec8-7fda67219640;12:45:00;almoco_saida;;2025-07-03 12:45:22;2025-07-03 12:45:22;
d951b874-ef2a-40e4-b0b2-2d2246737eaf;319ec039-ce08-4d05-b00e-1ad1cdcf42f1;14:22:00;almoco_retorno;;2025-06-30 14:22:05;2025-06-30 14:22:05;
d95f8185-c2b8-48bf-b9a9-73c6d0cf3192;72c731cf-dfe1-4582-8e44-ef623267a93e;17:25:00;saida;;2025-07-24 17:25:19;2025-07-24 17:25:19;
d9a52625-4cee-4782-9f14-f3f1e6dc9b81;dbc68bfe-6745-4a27-937e-b304ea592fe1;08:01:00;entrada;;2025-07-01 08:01:58;2025-08-20 15:30:18;
d9d56c78-78e7-4dd6-9f15-7441d8d86cdb;995059b6-ba19-4d20-9fdc-cf369c40e351;13:40:00;almoco_retorno;;2025-06-23 13:40:14;2025-06-23 13:40:14;
db1448cd-b4e5-47c6-99a1-6165b1c9d0d4;3a2903fc-001a-46e8-9f32-bb8e0725dbd6;17:24:00;saida;;2025-03-25 17:24:17;2025-03-25 17:24:17;
db2a5088-eb76-4c6b-aacb-77192e84c998;629f6e09-c52a-4a9d-a6b5-0066384da4a0;08:20:00;entrada;;2025-05-16 12:37:01;2025-05-16 17:53:30;
db3ddb88-2332-4fac-a2be-9906d7c817f8;07a2d67e-57d7-420e-bfa0-df8b820c792c;14:16:00;almoco_retorno;;2024-12-16 09:44:59;2024-12-16 09:44:59;
db46ce93-37fd-4a0e-9e9f-93604ebe3fc3;88aad3d9-1abf-45ad-a664-2d2e40eb0db8;08:27:00;entrada;;2025-06-16 08:27:19;2025-06-16 13:54:16;
db676f5f-e5dd-4ee6-b91b-8d8afc1a182b;995059b6-ba19-4d20-9fdc-cf369c40e351;12:39:00;almoco_saida;;2025-06-23 13:39:14;2025-06-23 13:40:07;
db9aedea-2cb0-4c4e-8633-1b8b93daadf4;a95d2aa0-c13e-459d-ab45-7b82341c6230;13:27:00;almoco_saida;;2025-06-11 13:27:49;2025-06-11 13:27:49;
dbcc7a7e-ded7-43c7-88a9-d7a457532ee5;72c731cf-dfe1-4582-8e44-ef623267a93e;13:17:00;almoco_saida;;2025-07-24 13:17:35;2025-07-24 13:17:35;
dbcce25f-95de-4e96-87ec-1c498d7485d5;9fb6b527-c99a-4cba-9289-82d5217d4dd0;18:04:00;saida;;2025-03-13 17:30:56;2025-03-13 18:06:49;
dc13ac88-350f-4e40-9fac-513624ed68ed;621405e6-5e64-4e15-aa52-e1d3767c30e9;08:10:00;entrada;;2025-01-13 08:11:05;2025-01-13 08:11:05;
dc399f9b-8443-4279-b982-c8650fcd9d16;fda8c488-7358-4cdf-b2ed-66a615eb98f8;17:11:00;saida;;2025-02-20 17:10:27;2025-02-20 17:10:27;
dc7cd69c-05b7-47b8-aa76-957debc99d18;38b987ae-dd06-4666-b566-886868ce18b0;13:26:00;almoco_retorno;;2025-02-26 13:27:55;2025-02-26 15:03:25;
dca3e2c4-f9a8-4abc-b09a-7d2f5bd1b85e;e83b1690-8306-4eba-b8d8-56f92baa4121;12:40:00;almoco_saida;;2025-03-19 12:40:18;2025-03-21 08:07:14;
dd2f3129-f12b-4c7e-975c-34baf6aa93ee;fdfa1d67-49e8-47b7-8323-8535c4af90be;08:11:00;entrada;;2025-09-01 11:11:08;2025-09-01 20:59:50;
dd458826-a10b-4b42-8328-c191ccb0e8ac;a106b21d-3241-4d70-bd4c-44738bb8ab6d;13:15:00;almoco_retorno;;2025-07-08 13:14:32;2025-08-20 15:23:37;
dd626626-609c-4d2d-a71b-f4dfcb76dd64;cee573d5-b41e-4024-a98c-3cdd6e400b5a;08:20:00;entrada;;2025-05-13 08:20:05;2025-05-13 14:30:23;
ddb2681a-9f55-4e9c-bb4f-4242ae87fbb1;4d05528a-4ad3-45a6-96fa-78148d219873;08:00:00;entrada;;2024-12-16 09:44:59;2024-12-16 09:44:59;
ddbed105-e10b-42c2-baa0-cfc2ba5224ef;4f7eb41e-767b-4eff-bda6-3a6faadfea7c;08:07:00;entrada;;2025-04-22 08:06:49;2025-04-22 16:13:48;
ddc88d81-a4f9-41bc-a19a-acc8231b2957;8ea3ba47-6a33-44e0-8d2e-34f52aa0c7b8;18:00:00;saida;Mongo Developer Day RJ;2024-12-16 09:44:59;2024-12-16 09:44:59;
dde4557e-c65c-4524-a41c-f8203b134681;26b2b071-ec53-4a2d-bbf2-4c43489c544b;17:07:00;saida;;2024-12-16 09:44:59;2024-12-16 09:44:59;
de0a9ce2-2da5-4e81-831b-308cc5c53a26;8faedb0e-7adc-468e-97e5-d5fc807dae77;17:02:00;saida;;2024-12-20 17:02:40;2024-12-20 17:02:40;
de3aee5a-3e8c-4a93-9560-f17eae11c815;9ea9d0f7-8539-4feb-b7ae-9c9eca3b6855;12:31:00;almoco_saida;;2025-09-23 15:30:42;2025-09-23 16:33:28;
de3fe9f8-6e4d-481d-a7f0-5cd7e0025d48;a128c6d6-6bb4-4f7a-9c1a-1f9299a518d7;15:00:00;almoco_retorno;;2025-01-03 08:03:30;;
dede46a8-072a-4f0a-b645-c9651f66878b;da736edc-213f-444e-9d97-4a3cf6ae3c33;17:30:00;saida;;2025-07-25 17:30:56;2025-07-25 17:30:56;
df32cf09-c4e2-46a0-8937-5dbb921c544e;aa616560-ad38-4b11-88f4-478eeabc5cf0;17:10:00;saida;;2024-12-16 09:44:59;2024-12-16 09:44:59;
e0145573-3ff4-41f7-84a5-e5bc06b47b94;71c8af7e-68d4-4552-8e5c-b53a370a320c;17:07:00;saida;;2024-12-16 09:44:59;2024-12-16 09:44:59;
e071f793-b412-4cf8-89b1-d86c7fa2ec75;88aad3d9-1abf-45ad-a664-2d2e40eb0db8;17:35:00;saida;;2025-06-16 17:35:53;2025-06-16 17:35:53;
e0bc4c4e-3d40-4fc4-bdb0-24a0aa042686;fef8b594-8560-4a5f-88fe-4404a619d2eb;14:52:00;almoco_retorno;;2025-09-12 17:52:07;2025-09-12 17:52:07;
e0f1b89d-342d-443f-a312-a86d964850db;4a0cd8d9-fc31-46f9-b52d-eaa0cd4cdd38;17:05:00;saida;;2025-08-14 17:05:31;2025-08-14 17:05:31;
e154e568-1965-46fc-b79a-5c512ee837a3;ca4a4ffc-1682-4b0c-a47e-38ec543491ce;12:32:00;almoco_saida;;2025-07-07 12:32:19;2025-07-07 12:32:19;
e16720b2-e610-450b-a90d-148955bdf74e;b7521fa9-c079-4ae0-96cb-fcbd7c0b6349;14:00:00;almoco_saida;;2025-09-11 17:00:58;2025-09-11 17:00:58;
e19eab01-a83e-42f7-ba7e-abf093c3bc32;34924bf2-9109-4dd0-8b21-16d81b3042f0;14:02:00;almoco_saida;;2025-10-14 17:07:19;2025-10-14 17:07:19;
e1aca48d-ed93-4ad2-abb5-1a32683c5b29;77175792-c2b4-43e8-8695-6c587d255213;12:45:00;almoco_saida;;2025-07-04 12:45:39;2025-07-04 12:45:39;
e1d37a53-a574-489b-8fef-2a14d9a45b5c;ec7bc9b4-431f-4d34-93b5-6ebc55b665b2;12:44:00;almoco_saida;;2024-12-16 09:44:59;2024-12-16 09:44:59;
e1fc1232-15a5-429d-9515-f073ed182d03;a128c6d6-6bb4-4f7a-9c1a-1f9299a518d7;14:00:00;almoco_saida;;2025-01-03 14:00:20;2025-01-03 14:00:20;
e2105f69-4688-40fd-a21f-0a7cca54f119;e7d60c40-cad6-4eca-ba30-64fb6922c15f;13:29:00;almoco_saida;;2025-02-12 13:27:33;2025-02-12 13:27:33;
e2e1da5b-30fc-4a66-a1d9-c97ceab05596;104d5593-b277-4538-900e-533d9832b8f0;13:49:00;almoco_saida;;2025-11-05 16:50:05;2025-11-05 20:00:58;
e430ac71-18a0-4c68-8fcf-ef011ba033fb;6949f4bb-d6f3-4681-9278-a84bd49eb8aa;13:38:00;almoco_retorno;;2025-04-14 13:38:43;2025-04-14 13:38:43;
e4bacb31-8296-4e84-98c6-2fc674a3ed76;14f93087-2953-40ad-96b0-218fd3518199;13:46:00;almoco_saida;;2025-01-27 13:46:48;2025-01-27 13:46:48;
e543b599-b041-448c-bba8-8161101a11b6;f6486894-a0da-41d2-a468-3ebe1082fbc4;08:01:00;entrada;;2025-01-14 08:01:11;2025-01-14 08:01:11;
e55f43f1-2ce1-4246-9953-e5ffa1826fd8;30120e4e-8df1-411b-83f8-73cc5d724d24;13:58:00;almoco_retorno;;2025-08-22 13:58:41;2025-08-22 13:58:41;
e564a6d1-7baf-4472-b014-27f30461add5;b9216283-b381-4ee1-8c7e-54f5ceaaa03e;16:46:00;saida;;2025-04-11 08:13:06;2025-04-11 08:14:03;
e59191ca-01ca-4f26-be1c-68e8fb54e61a;629f6e09-c52a-4a9d-a6b5-0066384da4a0;13:42:00;almoco_retorno;;2025-05-16 17:53:30;2025-05-16 17:53:30;
e5d2520a-7a3e-4bd1-9053-956753195877;c04643b6-800e-46e4-bdfc-7cccff90f64c;12:45:00;almoco_saida;;2024-12-16 09:44:59;2024-12-16 09:44:59;
e5df3495-02b8-4c1c-9397-3c0a46bf37e7;d7404d24-8eb5-48cc-aeb6-fee0874556a0;08:10:00;entrada;;2025-02-14 08:11:05;2025-02-14 08:11:05;
e5e2b71a-9364-4d93-b0fa-3aec02658423;07c91d78-a158-4b49-882d-27596b2b4f3c;13:26:00;almoco_saida;;2025-04-04 13:27:23;2025-04-04 14:32:29;
e6109d14-8f4f-4a10-ba7f-d4848211347b;19895309-3315-498e-a254-b434e88f5bba;14:45:00;almoco_retorno;;2024-12-16 09:44:59;2024-12-16 09:44:59;
e6446dc4-53b3-4819-ad3a-348b9b67d6fe;3772d246-8605-4cc4-856d-e97728b1d750;12:59:00;almoco_saida;;2025-05-15 12:59:20;2025-05-15 12:59:20;
e6d70407-4ea4-44b2-8259-b8b4f1a63173;c6d53e0c-c4ff-4d36-bedf-219cc2796f22;13:06:00;almoco_saida;;2025-02-25 13:06:38;2025-02-25 13:06:38;
e71150a2-71fa-45bc-8009-b7ae0a69780c;793b8e05-f0d0-4971-aaac-5357aed6b229;12:49:00;almoco_saida;;2025-05-12 12:49:06;2025-05-12 12:49:06;
e71859f9-3c15-4451-9f5c-4f54e6e90b4f;cc0cc18d-a7e0-454b-bd25-ee88c092235c;13:33:00;almoco_saida;;2025-10-03 16:33:46;2025-10-03 16:33:46;
e79473ce-fe77-40cf-9366-312814db7329;b9216283-b381-4ee1-8c7e-54f5ceaaa03e;13:40:00;almoco_saida;;2025-04-11 08:13:06;2025-04-11 08:13:06;
e80184f1-3c5c-44d6-b4ee-952f33a92ce3;0bdc78ff-f9e5-4e48-a239-bcb5af4be6ba;08:16:00;entrada;;2025-11-14 11:16:33;2025-11-14 11:16:33;
e8b0a1e5-732b-479b-b3b8-cd5afc6d9300;75b76b4b-6599-46eb-be01-9346a7c6462f;14:46:00;almoco_retorno;;2025-09-19 17:45:08;2025-09-19 17:46:06;
e8d0f2e3-4b05-488b-ac89-5596fbad4a36;c2a29565-50f7-4883-9b41-ce9daed06851;13:51:00;almoco_retorno;;2025-04-01 13:51:15;2025-04-01 13:51:15;
e966f99c-25e2-4e5d-b1f9-ce97e4332dc2;aa616560-ad38-4b11-88f4-478eeabc5cf0;13:45:00;almoco_retorno;;2024-12-16 09:44:59;2024-12-16 09:44:59;
e9840285-0a29-41a7-abcf-d13d270b706b;11dd190a-1d63-44ab-9aa1-6d0123a207bd;14:04:00;almoco_saida;;2025-06-30 08:09:25;2025-06-30 08:09:25;
e9d118b4-1900-4a83-bdec-3183cda5cad5;af241db2-2562-4804-818f-96dc99aaa6bf;17:09:00;saida;;2024-12-16 09:44:59;2024-12-16 09:44:59;
ea1e04e3-4a95-425e-a55d-9b4c52377467;5d366be7-2bc8-4a58-bb1d-b8db2ab9ee1f;12:31:00;almoco_saida;;2025-01-02 12:31:37;2025-01-02 12:31:37;
eb0edb96-9294-4762-bffe-ddfe5762565c;9aba1436-52ad-4ab3-a352-4873a1b6f4fd;17:15:00;saida;;2025-01-08 17:15:30;2025-01-08 17:15:30;
eb0f53b1-93af-4b06-82b9-ecf7ec7cd3f8;7ecdf9f3-d623-4155-804a-27004709b543;12:44:00;almoco_saida;;2024-12-16 09:44:59;2024-12-16 09:44:59;
eb8b05aa-125d-4985-92bc-130eea38a82b;15f57f6d-6a7d-4cff-bf4d-7528af6340ad;17:03:00;saida;;2025-07-18 17:03:03;2025-07-18 17:03:03;
eb990b71-b067-4894-83a8-314ddd3227c5;1db07ca9-6d1f-4a98-84b8-ffc0e0b56103;17:10:00;saida;;2025-07-21 17:10:14;2025-07-21 17:10:14;
ebb2bef1-03db-4cbf-b961-9da62c651d32;3a8ddd11-f889-4b5d-94b4-7875cdfbf5a7;08:05:00;entrada;;2025-09-22 15:44:53;2025-09-22 18:30:57;
ec50e51f-9e43-4100-ba40-80887156c088;621405e6-5e64-4e15-aa52-e1d3767c30e9;17:12:00;saida;;2025-01-13 17:12:27;2025-01-13 17:12:27;
ec6072f6-9f75-4850-b93e-72912d5f743b;a9ba8145-7254-4b0a-8cb4-241536554806;14:04:00;almoco_retorno;;2025-01-29 14:04:35;2025-01-29 14:04:35;
ed0d71dd-4cc5-494e-94f2-d5c48bc8e8fe;d77ad1af-ee7e-4449-bd73-e3cfb3d3d993;13:48:00;almoco_retorno;;2025-11-03 16:48:59;2025-11-03 16:48:59;
ed2c9084-2b6c-41f2-966f-3e327d16877b;e0ead4d9-ce44-4db1-b799-c42dd90adbc4;08:03:00;entrada;Fiquei até mais tarde em virtude do problema do critério de taxa mínima para o  MTINSS;2024-12-16 09:44:59;2024-12-16 09:44:59;
ed4ee771-0623-4317-a73a-63e4ba3b3741;830e84f6-0155-4602-a2bb-52e6aa4eede1;08:00:00;entrada;;2025-08-18 11:42:10;2025-08-27 17:53:31;
eda3c227-50dd-4a32-b0eb-2e3d06fc04ea;666385d6-8e60-4f20-98b2-bc0e77bb3ea1;17:26:00;saida;;2025-11-17 20:26:30;2025-11-17 20:26:30;
edff5a1c-f001-4d4f-8848-3f31d16da45c;92ed7635-76ba-4c2a-b247-bc9780e27009;12:54:00;almoco_saida;;2025-06-06 12:54:29;2025-06-06 12:54:29;
ee03a435-b118-419b-a49c-ab0cb6c93bb6;63cb20b6-4c86-43fe-bd9d-eb1d4947ca15;14:30:00;almoco_retorno;;2024-12-16 09:44:59;2024-12-16 09:44:59;
ee6318dc-4de4-4411-a6ef-30cd40faf4e3;c2a29565-50f7-4883-9b41-ce9daed06851;17:07:00;saida;;2025-04-01 17:07:42;2025-04-01 17:07:42;
ee8cdf62-3ff3-47b4-9f3a-150a341079aa;3a22ba9b-4116-4ce1-91db-62e19a2adbb8;12:27:00;almoco_saida;;2025-04-16 12:27:03;2025-04-16 12:27:03;
ee8f8318-6fa3-4d61-ba83-a17892dc5a31;f77dd741-67b9-4899-81ac-05a188dbf060;12:46:00;almoco_saida;;2025-11-13 15:44:57;2025-11-13 15:46:34;
eea7e0cd-e7ad-4f7f-9364-9cc01094e378;48c5324d-6acc-417a-9ec8-7fda67219640;13:45:00;almoco_retorno;;2025-07-03 13:45:14;2025-07-03 13:45:14;
eebfead1-2faf-47de-a8c8-9ec9926d2e56;45e87d5d-2b19-4b09-9ddf-e07eb9e980df;17:00:00;saida;;2025-04-28 17:00:32;2025-04-28 17:00:32;
eee6e6b9-887d-43f6-8810-503f6fbd7fe5;60201c4d-30f2-4874-a5a9-4229f69d26f2;08:09:00;entrada;;2025-06-18 08:08:18;2025-06-18 17:04:50;
eef315bb-2c3f-43f3-86e4-b52b4fe22841;2112e2a9-4463-4b46-9d87-74b2fb50fae2;08:02:00;entrada;;2025-04-24 08:02:26;2025-04-25 08:21:00;
eefe2be9-36cc-4aef-91ae-791a7a62718b;f5bbd14f-e913-4c61-bef8-a6da7f0397eb;08:08:00;entrada;;2024-12-16 09:44:59;2024-12-16 09:44:59;
ef29d272-5806-44d6-bc06-c232d3fb295f;14f93087-2953-40ad-96b0-218fd3518199;14:47:00;almoco_retorno;;2025-01-27 14:47:54;2025-01-27 14:47:54;
efb0aba7-81fc-481b-9ba4-a91f1d963fc4;06277d56-71d7-4c5e-83f4-182a96aa576e;12:28:00;almoco_saida;;2025-11-06 19:58:37;2025-11-06 19:58:37;
f02d4921-4c42-4755-a243-89a7da9d7d1b;474d3b37-c5e6-4a1f-96e2-c5fd4cf0e732;17:06:00;saida;;2024-12-16 09:44:59;2024-12-16 09:44:59;
f0dd4a83-d857-46d3-868b-97fa373c11ef;ebcf4297-cb46-4404-9e87-3a9c9866833a;08:04:00;entrada;;2025-10-01 11:04:58;2025-10-02 15:32:50;
f13cca72-ce65-42c5-b460-d4b34a487412;c1b065f8-78e7-40d6-aecf-e38389abfa2a;17:12:00;saida;;2024-12-16 09:44:59;2024-12-16 09:44:59;
f210467e-32e5-4b9f-95e7-debca2ef55ba;acc75320-e652-4489-810d-d8965f58b22c;17:01:00;saida;;2025-04-23 17:01:07;2025-04-23 17:01:07;
f2f0ca49-4bc7-4f02-9e72-175a9f18ddac;0a8c831e-2790-4de2-8aa7-3d97920ca851;08:06:00;entrada;;2024-12-19 08:06:01;2024-12-19 08:06:01;
f2ffa94f-81e4-495c-92ac-eec86fc299c2;62dfa129-4116-4e5a-b9e2-86f574eea49d;08:03:00;entrada;;2025-03-18 08:03:44;2025-03-19 16:14:39;
f3a0fe88-188b-45a0-bc31-627041a77c72;527fbea8-e151-48f5-a827-995a74c64906;08:03:00;entrada;;2024-12-16 09:44:59;2024-12-16 09:44:59;
f3b4aa1d-6e80-4abf-a4b4-2699591199c2;0c3d2bdd-9ad4-49cd-8809-15568b0bcac0;08:03:00;entrada;;2025-07-17 08:03:20;2025-07-17 14:44:51;
f3e4a8dc-b4bb-4880-b454-ad015ff135a1;cee573d5-b41e-4024-a98c-3cdd6e400b5a;17:21:00;saida;;2025-05-13 17:21:43;2025-05-13 17:21:43;
f40e1ed8-5031-4eff-b2cb-b61111eaf64b;c2a29565-50f7-4883-9b41-ce9daed06851;08:01:00;entrada;;2025-04-01 08:01:45;2025-04-01 08:04:16;
f44a9c9d-5812-489e-b79d-87a349258625;7f0174ac-3bed-4c83-82ab-e34931bbcf82;13:33:00;almoco_saida;;2025-06-05 17:07:33;2025-06-05 17:07:33;
f454f17f-2b75-49b8-a3e9-383d809e468b;734f1b83-e4bf-4f4e-bca4-f48e20f6b376;12:41:00;almoco_saida;;2025-01-15 12:41:47;2025-01-15 12:41:47;
f4777a5c-9058-4d75-b7eb-5f314c6a7055;14f93087-2953-40ad-96b0-218fd3518199;17:40:00;saida;;2025-01-27 19:14:34;2025-01-27 19:14:34;
f4cf3b6c-02fd-41e9-bbfe-f9b8c727d65d;7ecdf9f3-d623-4155-804a-27004709b543;08:06:00;entrada;;2024-12-16 09:44:59;2024-12-16 09:44:59;
f5a322d3-329c-41fa-a35d-8b4dde6a1dc4;598969c5-1466-4760-bf10-95a4e7ca1ed8;08:01:00;entrada;;2025-07-09 08:00:50;2025-08-20 15:27:27;
f5a9ac43-b864-4562-a0cb-bfec8b85d7b9;51ffb91e-4e97-46be-b0a4-a224c838fc0a;12:25:00;almoco_saida;;2025-02-11 12:25:40;2025-02-11 12:25:40;
f5c57b7f-69e6-4dbd-9fd0-6892b16f28eb;7927b73f-dc3a-49ff-930e-e31e4a4b6885;14:01:00;almoco_retorno;;2024-12-27 14:01:54;2024-12-27 14:01:54;
f63e288a-d8b9-491d-a6a3-a9f09bb3590d;397f02c4-bf59-40f3-a8ad-4995eea5bab3;17:22:00;saida;;2025-06-03 17:20:23;2025-06-03 17:22:49;
f6423c03-3e83-4198-9cef-1e9012b5bfe9;1d5d25f1-3c89-440a-a83d-13130a53be20;14:43:00;almoco_retorno;;2025-04-17 14:41:10;2025-04-17 14:43:31;
f6b7285a-29dd-48af-874a-dcfee2633277;af241db2-2562-4804-818f-96dc99aaa6bf;08:04:00;entrada;;2024-12-16 09:44:59;2024-12-16 09:44:59;
f71a7b78-da35-47e3-9dec-a237c2138202;849f8e78-3088-48c4-8903-2c86b8ad1821;17:03:00;saida;;2025-10-31 20:03:13;2025-10-31 20:03:13;
f77528c3-8515-49cb-86cc-42e89fec3261;6f7350cc-8ea7-444c-b07f-b8a1a279efb8;13:55:00;almoco_saida;;2025-02-28 13:55:42;2025-02-28 13:55:42;
f7900e24-2cb3-4914-ab92-5d04d38daa12;09a28a4a-51f8-4037-b4a7-51a4782bed0a;13:46:00;almoco_retorno;;2025-09-26 20:11:56;2025-09-26 20:12:09;
f8444173-98ae-429f-baf2-5b763cd4f225;a4a7478c-1b33-4a33-be40-4a02e321d0fe;13:58:00;almoco_retorno;;2025-08-15 17:04:54;2025-08-15 17:05:04;
f865eaa5-e333-458d-9edd-2025be8e4e34;875b3d2f-095b-417d-8c5f-89704431c085;13:43:00;almoco_saida;;2025-10-02 16:43:45;2025-10-02 16:43:45;
f87b01e7-ce40-47fb-b047-ef5f87c0777f;629f6e09-c52a-4a9d-a6b5-0066384da4a0;17:53:00;saida;;2025-05-16 17:53:15;2025-05-16 17:53:15;
f888abe7-eebb-4e20-90de-be022522de23;2ff3baae-664c-4bdd-8115-04e229dde021;14:11:00;almoco_retorno;;2024-12-16 14:11:50;2024-12-16 14:11:50;
f89d81a9-3cfd-4cf2-968c-bbf93dc12abf;7927b73f-dc3a-49ff-930e-e31e4a4b6885;17:15:00;saida;;2024-12-27 17:15:04;2024-12-27 17:15:04;
f90e347b-4c01-4b62-9c66-0a20ec7f9d66;534902e1-88d1-41cc-aaa4-20f9851d3a7a;17:21:00;saida;;2025-10-28 20:21:22;2025-10-28 20:21:22;
f9504b83-fb07-448e-977b-dc4a12fc508e;53dff2b8-861b-495d-bd2e-f307254ab4c0;12:48:00;almoco_saida;;2025-07-10 12:48:13;2025-07-10 12:48:13;
f967156f-302a-4b60-9fd1-663d897bceae;5f13a311-90ee-43a6-b28a-ba0f47193ffa;08:04:00;entrada;;2025-01-20 08:04:16;2025-01-20 08:04:16;
fa3b119c-2366-422a-bf46-0045144614cd;17b865f0-ab4c-4ed0-96a9-4c4750440b2d;13:51:00;almoco_retorno;;2025-02-03 13:52:00;2025-02-03 13:52:00;
fa652a92-5546-42ff-abe0-62c5025eddb7;b07a1baa-3c3f-4199-af6d-0a1cada95da4;13:25:00;almoco_retorno;;2025-09-16 16:24:59;2025-09-16 20:16:55;
fa7d0308-3b08-4b3b-91de-4b96e54b0091;23cb46e1-52ec-46fb-88a0-c2e8f5d93e90;13:04:00;almoco_saida;;2025-08-19 14:02:28;2025-08-19 14:02:37;
fa8758d4-58a1-4b45-9308-9f2aa2ad2440;f77dd741-67b9-4899-81ac-05a188dbf060;13:46:00;almoco_retorno;;2025-11-13 16:47:06;2025-11-13 16:47:14;
fa9b6204-daab-4f7f-b268-ad00df90e99d;d72802c8-23d2-4acc-bd97-1e549818ed12;14:16:00;almoco_retorno;;2025-08-26 14:08:34;2025-08-26 14:17:08;
faa5da00-fb0e-4b40-8fa6-0fde128096d2;ddd63100-b5d1-4bae-98f1-f821e875b54d;12:43:00;almoco_saida;;2024-12-16 09:44:59;2024-12-16 09:44:59;
fad7c6c6-4fd4-44bd-8eb8-84cbee563f66;8ea3ba47-6a33-44e0-8d2e-34f52aa0c7b8;13:00:00;almoco_saida;Mongo Developer Day RJ;2024-12-16 09:44:59;2024-12-16 09:44:59;
fb3db88a-a28b-403b-a164-cfd5311ced93;5d366be7-2bc8-4a58-bb1d-b8db2ab9ee1f;17:02:00;saida;;2025-01-02 13:32:15;2025-01-02 13:32:15;
fba0cbba-d1fd-4907-bb5a-3124d905fa32;1d1c39f8-2b51-4ca1-b87e-0c0ba1c02d67;15:01:00;almoco_retorno;;2025-07-22 15:01:28;2025-07-22 15:01:28;
fbc4086a-6c22-45dc-b3cf-949a2540dc36;e828867a-b85e-4816-98d8-43f746551e48;17:38:00;saida;;2025-03-12 17:38:04;2025-03-12 17:38:04;
fc203dc0-800b-4ff3-804b-7ca032a01b42;0c3d2bdd-9ad4-49cd-8809-15568b0bcac0;17:01:00;saida;;2025-07-17 17:01:52;2025-07-17 17:01:52;
fc6a1648-8dc7-40eb-80bc-b4c049774e1f;cc0cc18d-a7e0-454b-bd25-ee88c092235c;14:33:00;almoco_retorno;;2025-10-03 17:43:49;2025-10-03 17:43:59;
fcd36cdb-fae9-4b9b-870c-04d7d26a8c50;a5499319-e810-4023-a79d-56ffff0ee8a0;13:07:00;almoco_saida;;2024-12-16 09:44:59;2024-12-16 09:44:59;
fcdc708e-67d7-403f-90d8-43afbe7c5137;be61e450-cfa3-4161-9867-4d5f0e2ae42a;08:02:00;entrada;;2025-02-10 08:02:27;2025-03-17 09:47:41;
fd12b455-b062-41c3-a622-917f792c9924;0d0e1fa3-8e4b-4e16-a90d-1a635c2681ae;13:41:00;almoco_saida;Fiquei até mais tarde olhando o critério que desenquadrou no supplier;2024-12-16 09:44:59;2024-12-16 09:44:59;
fd8ed9a7-a87e-4138-b0b1-7de63c4c49dd;0116119e-c25f-4663-8ad7-904d4b6e640b;13:46:00;almoco_saida;;2025-03-06 13:46:13;2025-03-06 13:46:13;
fd9aed1e-a998-4279-8870-131b0269a471;830e84f6-0155-4602-a2bb-52e6aa4eede1;17:00:00;saida;;2025-08-27 17:53:31;2025-08-27 17:53:31;
fdd66691-da3a-45a9-bdbe-181c5e46a02e;ff1f2bc2-f8b1-4751-b10f-a1a54c3b6ee6;08:11:00;entrada;;2025-08-28 11:34:11;2025-08-28 11:36:52;
fe531821-6f5f-4236-b75a-8b2175bcbb05;864a43a3-aedb-49b0-8303-1c8b43288413;08:07:00;entrada;;2025-10-13 11:07:41;2025-10-13 11:07:41;
fe63cfcb-1367-4f5d-b746-c73dda353191;72c731cf-dfe1-4582-8e44-ef623267a93e;14:26:00;almoco_retorno;;2025-07-24 14:26:32;2025-07-24 14:26:32;
fe6f6a04-ff59-4d83-851f-c077a54fdd36;c4acc736-54df-4c85-9387-67175347bc7c;15:25:00;almoco_retorno;;2025-01-21 16:49:13;2025-01-21 16:49:13;
fe71231f-5d4d-46a7-8ebc-5e6a0f80c3dd;799a8ac7-5e62-448f-ad75-a13ce1d73840;12:03:00;almoco_saida;;2025-02-21 13:35:33;2025-02-21 13:35:33;
feb5f60e-5908-4a6c-86bf-2e295ea4113c;56ff3237-5588-4883-bc60-120ab8d9f7ca;12:01:00;saida;;2024-12-24 12:01:45;2024-12-24 12:01:45;
fed076f1-a40b-4656-9211-963e0faa8521;13025b6c-1024-4c8e-8d1d-168e4bc57c4c;12:13:00;almoco_saida;;2025-04-02 12:13:07;2025-04-02 12:35:06;
fedc5435-fffa-41b0-a0f2-d93e9164d4b6;5401bff5-3ec9-4e50-b862-7c72f254a68e;13:52:00;almoco_retorno;;2025-06-25 13:52:37;2025-06-25 13:52:37;
ff22c3e8-dfc0-4ddf-ab20-ae7c66f845cc;734f1b83-e4bf-4f4e-bca4-f48e20f6b376;08:03:00;entrada;;2025-01-15 08:03:08;2025-01-15 08:03:08;
ff31a683-aaa7-4e52-8ce0-e735a2bb37dc;c749b005-928d-47aa-ba0d-e55b2eea6924;12:45:00;almoco_saida;;2025-09-29 15:45:49;2025-09-29 15:45:49;
ff4bf364-87d2-4450-b38e-acf948001dcb;74ed80b8-40fa-4eff-aa0f-0ed34b6412ef;13:34:00;almoco_retorno;;2025-06-27 13:34:33;2025-06-27 13:34:33;
ff593726-33d5-4869-9117-c5b22e8fe2b7;348f17b8-83b1-422b-8d03-573d475236e7;13:55:00;almoco_retorno;;2025-06-24 13:55:51;2025-06-24 13:55:51;
ffaddce4-7a22-41f1-ab2d-01f7c29c29b3;275e4fdb-8338-4cda-af50-3c6131ecef99;17:05:00;saida;;;2025-10-21 03:06:00;
ffbfc4cd-fb3c-4b8b-a63d-dd5d01c562a1;3a8ddd11-f889-4b5d-94b4-7875cdfbf5a7;16:40:00;saida;;2025-09-22 19:40:15;2025-09-22 19:40:15;
